doi_alpha1_beta0,2,Opus33,firstTime,1,8,0.0,0.0,0.0,0.0,0.0,0.0,0.0,0.0,0.0,0.0,0.0,0.0,0.0,0.0
random,2,Opus33,firstTime,1,8,0.0,0.0,0.0,0.0,0.0,0.0,0.0,0.0,0.0,0.0,0.0,0.0,0.14285714285714285,1.0
doi_alpha1_beta0,5,ShaunMacPherson,firstTime,3,17,0.0,0.0,0.0,0.0,0.3333333333333333,0.3333333333333333,0.25,0.3333333333333333,0.2,0.3333333333333333,0.16666666666666666,0.3333333333333333,0.14285714285714285,0.3333333333333333,0.125,0.3333333333333333,0.1111111111111111,0.3333333333333333,0.1,0.3333333333333333,0.09090909090909091,0.3333333333333333,0.16666666666666666,0.6666666666666666,0.15384615384615385,0.6666666666666666,0.14285714285714285,0.6666666666666666,0.13333333333333333,0.6666666666666666,0.125,0.6666666666666666
random,5,ShaunMacPherson,firstTime,3,17,1.0,0.3333333333333333,0.5,0.3333333333333333,0.6666666666666666,0.6666666666666666,0.5,0.6666666666666666,0.4,0.6666666666666666,0.3333333333333333,0.6666666666666666,0.2857142857142857,0.6666666666666666,0.25,0.6666666666666666,0.3333333333333333,1.0,0.3,1.0,0.2727272727272727,1.0,0.25,1.0,0.23076923076923078,1.0,0.21428571428571427,1.0,0.2,1.0,0.1875,1.0
doi_alpha1_beta0,6,Raul654,firstTime,4,14,1.0,0.25,0.5,0.25,0.3333333333333333,0.25,0.25,0.25,0.2,0.25,0.16666666666666666,0.25,0.14285714285714285,0.25,0.125,0.25,0.1111111111111111,0.25,0.1,0.25,0.18181818181818182,0.5,0.16666666666666666,0.5,0.23076923076923078,0.75
random,6,Raul654,firstTime,4,14,1.0,0.25,0.5,0.25,0.3333333333333333,0.25,0.25,0.25,0.2,0.25,0.16666666666666666,0.25,0.2857142857142857,0.5,0.25,0.5,0.3333333333333333,0.75,0.3,0.75,0.2727272727272727,0.75,0.3333333333333333,1.0,0.3076923076923077,1.0
doi_alpha1_beta0,11,Dpbsmith,firstTime,8,13,0.0,0.0,0.5,0.125,0.3333333333333333,0.125,0.25,0.125,0.2,0.125,0.3333333333333333,0.25,0.2857142857142857,0.25,0.375,0.375,0.4444444444444444,0.5,0.5,0.625,0.45454545454545453,0.625,0.5,0.75
random,11,Dpbsmith,firstTime,8,13,1.0,0.125,0.5,0.125,0.6666666666666666,0.25,0.5,0.25,0.4,0.25,0.3333333333333333,0.25,0.42857142857142855,0.375,0.5,0.5,0.5555555555555556,0.625,0.5,0.625,0.5454545454545454,0.75,0.5,0.75
doi_alpha1_beta0,19,M7bot,firstTime,18,7,1.0,0.05555555555555555,1.0,0.1111111111111111,1.0,0.16666666666666666,1.0,0.2222222222222222,1.0,0.2777777777777778,1.0,0.3333333333333333
random,19,M7bot,firstTime,18,7,1.0,0.05555555555555555,1.0,0.1111111111111111,1.0,0.16666666666666666,1.0,0.2222222222222222,1.0,0.2777777777777778,1.0,0.3333333333333333
doi_alpha1_beta0,24,Missmarple,firstTime,1,7,0.0,0.0,0.0,0.0,0.0,0.0,0.25,1.0,0.2,1.0,0.16666666666666666,1.0
random,24,Missmarple,firstTime,1,7,0.0,0.0,0.0,0.0,0.0,0.0,0.0,0.0,0.0,0.0,0.16666666666666666,1.0
doi_alpha1_beta0,29,Raul654,returning,1,7,0.0,0.0,0.0,0.0,0.0,0.0,0.0,0.0,0.0,0.0,0.0,0.0
random,29,Raul654,returning,1,7,0.0,0.0,0.0,0.0,0.0,0.0,0.0,0.0,0.0,0.0,0.0,0.0
doi_alpha03_beta07,29,Raul654,returning,1,7,0.0,0.0,0.0,0.0,0.0,0.0,0.0,0.0,0.0,0.0,0.0,0.0
doi_alpha0_beta1,29,Raul654,returning,1,7,0.0,0.0,0.0,0.0,0.0,0.0,0.0,0.0,0.0,0.0,0.0,0.0
doi_alpha1_beta0,39,GrinBot,firstTime,1,14,0.0,0.0,0.0,0.0,0.0,0.0,0.0,0.0,0.0,0.0,0.0,0.0,0.0,0.0,0.0,0.0,0.0,0.0,0.0,0.0,0.0,0.0,0.0,0.0,0.0,0.0
random,39,GrinBot,firstTime,1,14,0.0,0.0,0.0,0.0,0.0,0.0,0.0,0.0,0.0,0.0,0.0,0.0,0.0,0.0,0.0,0.0,0.0,0.0,0.0,0.0,0.0,0.0,0.0,0.0,0.0,0.0
doi_alpha1_beta0,40,Raul654,returning,2,15,0.0,0.0,0.0,0.0,0.0,0.0,0.0,0.0,0.2,0.5,0.16666666666666666,0.5,0.14285714285714285,0.5,0.125,0.5,0.1111111111111111,0.5,0.1,0.5,0.09090909090909091,0.5,0.08333333333333333,0.5,0.07692307692307693,0.5,0.07142857142857142,0.5
random,40,Raul654,returning,2,15,0.0,0.0,0.0,0.0,0.0,0.0,0.0,0.0,0.0,0.0,0.0,0.0,0.0,0.0,0.0,0.0,0.1111111111111111,0.5,0.1,0.5,0.09090909090909091,0.5,0.08333333333333333,0.5,0.07692307692307693,0.5,0.07142857142857142,0.5
doi_alpha03_beta07,40,Raul654,returning,2,15,0.0,0.0,0.0,0.0,0.0,0.0,0.0,0.0,0.2,0.5,0.16666666666666666,0.5,0.14285714285714285,0.5,0.125,0.5,0.1111111111111111,0.5,0.1,0.5,0.09090909090909091,0.5,0.08333333333333333,0.5,0.07692307692307693,0.5,0.07142857142857142,0.5
doi_alpha0_beta1,40,Raul654,returning,2,15,0.0,0.0,0.0,0.0,0.0,0.0,0.0,0.0,0.0,0.0,0.0,0.0,0.0,0.0,0.0,0.0,0.0,0.0,0.1,0.5,0.09090909090909091,0.5,0.08333333333333333,0.5,0.07692307692307693,0.5,0.07142857142857142,0.5
doi_alpha1_beta0,53,Jashiin,returning,1,15,0.0,0.0,0.0,0.0,0.0,0.0,0.0,0.0,0.0,0.0,0.0,0.0,0.0,0.0,0.0,0.0,0.0,0.0,0.0,0.0,0.0,0.0,0.0,0.0,0.0,0.0,0.0,0.0
random,53,Jashiin,returning,1,15,0.0,0.0,0.0,0.0,0.0,0.0,0.0,0.0,0.0,0.0,0.0,0.0,0.0,0.0,0.0,0.0,0.0,0.0,0.0,0.0,0.0,0.0,0.0,0.0,0.0,0.0,0.0,0.0
doi_alpha03_beta07,53,Jashiin,returning,1,15,0.0,0.0,0.0,0.0,0.0,0.0,0.0,0.0,0.0,0.0,0.0,0.0,0.0,0.0,0.0,0.0,0.0,0.0,0.0,0.0,0.0,0.0,0.0,0.0,0.0,0.0,0.0,0.0
doi_alpha0_beta1,53,Jashiin,returning,1,15,0.0,0.0,0.0,0.0,0.0,0.0,0.0,0.0,0.0,0.0,0.0,0.0,0.0,0.0,0.0,0.0,0.0,0.0,0.0,0.0,0.0,0.0,0.0,0.0,0.0,0.0,0.0,0.0
doi_alpha1_beta0,65,Jashiin,returning,1,16,0.0,0.0,0.0,0.0,0.0,0.0,0.0,0.0,0.0,0.0,0.0,0.0,0.0,0.0,0.0,0.0,0.0,0.0,0.0,0.0,0.0,0.0,0.0,0.0,0.0,0.0,0.0,0.0,0.0,0.0
random,65,Jashiin,returning,1,16,0.0,0.0,0.0,0.0,0.0,0.0,0.0,0.0,0.0,0.0,0.0,0.0,0.0,0.0,0.0,0.0,0.0,0.0,0.0,0.0,0.0,0.0,0.0,0.0,0.0,0.0,0.0,0.0,0.0,0.0
doi_alpha03_beta07,65,Jashiin,returning,1,16,0.0,0.0,0.0,0.0,0.0,0.0,0.0,0.0,0.0,0.0,0.0,0.0,0.0,0.0,0.0,0.0,0.0,0.0,0.0,0.0,0.0,0.0,0.0,0.0,0.0,0.0,0.0,0.0,0.0,0.0
doi_alpha0_beta1,65,Jashiin,returning,1,16,0.0,0.0,0.0,0.0,0.0,0.0,0.0,0.0,0.0,0.0,0.0,0.0,0.0,0.0,0.0,0.0,0.0,0.0,0.0,0.0,0.0,0.0,0.0,0.0,0.0,0.0,0.0,0.0,0.0,0.0
doi_alpha1_beta0,69,Jashiin,returning,4,17,0.0,0.0,0.0,0.0,0.3333333333333333,0.25,0.25,0.25,0.2,0.25,0.16666666666666666,0.25,0.14285714285714285,0.25,0.125,0.25,0.1111111111111111,0.25,0.1,0.25,0.09090909090909091,0.25,0.08333333333333333,0.25,0.07692307692307693,0.25,0.07142857142857142,0.25,0.06666666666666667,0.25,0.0625,0.25
random,69,Jashiin,returning,4,17,0.0,0.0,0.0,0.0,0.0,0.0,0.0,0.0,0.0,0.0,0.0,0.0,0.0,0.0,0.0,0.0,0.0,0.0,0.1,0.25,0.09090909090909091,0.25,0.08333333333333333,0.25,0.07692307692307693,0.25,0.07142857142857142,0.25,0.06666666666666667,0.25,0.0625,0.25
doi_alpha03_beta07,69,Jashiin,returning,4,17,0.0,0.0,0.0,0.0,0.3333333333333333,0.25,0.25,0.25,0.2,0.25,0.16666666666666666,0.25,0.14285714285714285,0.25,0.125,0.25,0.1111111111111111,0.25,0.1,0.25,0.09090909090909091,0.25,0.08333333333333333,0.25,0.07692307692307693,0.25,0.07142857142857142,0.25,0.06666666666666667,0.25,0.0625,0.25
doi_alpha0_beta1,69,Jashiin,returning,4,17,0.0,0.0,0.0,0.0,0.0,0.0,0.0,0.0,0.0,0.0,0.0,0.0,0.0,0.0,0.0,0.0,0.0,0.0,0.0,0.0,0.0,0.0,0.08333333333333333,0.25,0.07692307692307693,0.25,0.07142857142857142,0.25,0.06666666666666667,0.25,0.0625,0.25
doi_alpha1_beta0,87,Missmarple,returning,1,19,0.0,0.0,0.0,0.0,0.0,0.0,0.0,0.0,0.0,0.0,0.0,0.0,0.0,0.0,0.0,0.0,0.0,0.0,0.0,0.0,0.0,0.0,0.0,0.0,0.0,0.0,0.0,0.0,0.0,0.0,0.0,0.0,0.0,0.0,0.0,0.0
random,87,Missmarple,returning,1,19,0.0,0.0,0.0,0.0,0.0,0.0,0.0,0.0,0.0,0.0,0.0,0.0,0.0,0.0,0.0,0.0,0.0,0.0,0.0,0.0,0.0,0.0,0.0,0.0,0.0,0.0,0.0,0.0,0.0,0.0,0.0,0.0,0.0,0.0,0.0,0.0
doi_alpha03_beta07,87,Missmarple,returning,1,19,0.0,0.0,0.0,0.0,0.0,0.0,0.0,0.0,0.0,0.0,0.0,0.0,0.0,0.0,0.0,0.0,0.0,0.0,0.0,0.0,0.0,0.0,0.0,0.0,0.0,0.0,0.0,0.0,0.0,0.0,0.0,0.0,0.0,0.0,0.0,0.0
doi_alpha0_beta1,87,Missmarple,returning,1,19,0.0,0.0,0.0,0.0,0.0,0.0,0.0,0.0,0.0,0.0,0.0,0.0,0.0,0.0,0.0,0.0,0.0,0.0,0.0,0.0,0.0,0.0,0.0,0.0,0.0,0.0,0.0,0.0,0.0,0.0,0.0,0.0,0.0,0.0,0.0,0.0
doi_alpha1_beta0,88,Deltabeignet,firstTime,1,20,0.0,0.0,0.0,0.0,0.0,0.0,0.0,0.0,0.0,0.0,0.0,0.0,0.0,0.0,0.0,0.0,0.0,0.0,0.0,0.0,0.0,0.0,0.0,0.0,0.0,0.0,0.0,0.0,0.0,0.0,0.0,0.0,0.0,0.0,0.0,0.0,0.0,0.0
random,88,Deltabeignet,firstTime,1,20,0.0,0.0,0.0,0.0,0.0,0.0,0.0,0.0,0.0,0.0,0.0,0.0,0.0,0.0,0.0,0.0,0.0,0.0,0.0,0.0,0.0,0.0,0.0,0.0,0.0,0.0,0.0,0.0,0.0,0.0,0.0,0.0,0.0,0.0,0.0,0.0,0.0,0.0
doi_alpha1_beta0,89,Jashiin,returning,2,21,0.0,0.0,0.0,0.0,0.0,0.0,0.25,0.5,0.2,0.5,0.16666666666666666,0.5,0.14285714285714285,0.5,0.125,0.5,0.1111111111111111,0.5,0.1,0.5,0.09090909090909091,0.5,0.08333333333333333,0.5,0.07692307692307693,0.5,0.07142857142857142,0.5,0.06666666666666667,0.5,0.0625,0.5,0.058823529411764705,0.5,0.05555555555555555,0.5,0.05263157894736842,0.5,0.1,1.0
random,89,Jashiin,returning,2,21,0.0,0.0,0.0,0.0,0.0,0.0,0.0,0.0,0.0,0.0,0.0,0.0,0.14285714285714285,0.5,0.125,0.5,0.1111111111111111,0.5,0.1,0.5,0.09090909090909091,0.5,0.08333333333333333,0.5,0.07692307692307693,0.5,0.07142857142857142,0.5,0.06666666666666667,0.5,0.0625,0.5,0.058823529411764705,0.5,0.05555555555555555,0.5,0.10526315789473684,1.0,0.1,1.0
doi_alpha03_beta07,89,Jashiin,returning,2,21,0.0,0.0,0.0,0.0,0.0,0.0,0.25,0.5,0.2,0.5,0.16666666666666666,0.5,0.14285714285714285,0.5,0.125,0.5,0.1111111111111111,0.5,0.1,0.5,0.09090909090909091,0.5,0.08333333333333333,0.5,0.07692307692307693,0.5,0.07142857142857142,0.5,0.06666666666666667,0.5,0.0625,0.5,0.058823529411764705,0.5,0.05555555555555555,0.5,0.05263157894736842,0.5,0.1,1.0
doi_alpha0_beta1,89,Jashiin,returning,2,21,1.0,0.5,0.5,0.5,0.3333333333333333,0.5,0.25,0.5,0.2,0.5,0.16666666666666666,0.5,0.14285714285714285,0.5,0.125,0.5,0.1111111111111111,0.5,0.1,0.5,0.09090909090909091,0.5,0.08333333333333333,0.5,0.07692307692307693,0.5,0.07142857142857142,0.5,0.06666666666666667,0.5,0.125,1.0,0.11764705882352941,1.0,0.1111111111111111,1.0,0.10526315789473684,1.0,0.1,1.0
doi_alpha1_beta0,103,Cor anglais 16,firstTime,1,20,0.0,0.0,0.0,0.0,0.3333333333333333,1.0,0.25,1.0,0.2,1.0,0.16666666666666666,1.0,0.14285714285714285,1.0,0.125,1.0,0.1111111111111111,1.0,0.1,1.0,0.09090909090909091,1.0,0.08333333333333333,1.0,0.07692307692307693,1.0,0.07142857142857142,1.0,0.06666666666666667,1.0,0.0625,1.0,0.058823529411764705,1.0,0.05555555555555555,1.0,0.05263157894736842,1.0
random,103,Cor anglais 16,firstTime,1,20,0.0,0.0,0.0,0.0,0.0,0.0,0.0,0.0,0.0,0.0,0.0,0.0,0.0,0.0,0.0,0.0,0.0,0.0,0.0,0.0,0.0,0.0,0.08333333333333333,1.0,0.07692307692307693,1.0,0.07142857142857142,1.0,0.06666666666666667,1.0,0.0625,1.0,0.058823529411764705,1.0,0.05555555555555555,1.0,0.05263157894736842,1.0
doi_alpha1_beta0,108,Jashiin,returning,1,20,0.0,0.0,0.0,0.0,0.0,0.0,0.0,0.0,0.0,0.0,0.0,0.0,0.0,0.0,0.0,0.0,0.0,0.0,0.0,0.0,0.0,0.0,0.0,0.0,0.0,0.0,0.0,0.0,0.0,0.0,0.0,0.0,0.058823529411764705,1.0,0.05555555555555555,1.0,0.05263157894736842,1.0
random,108,Jashiin,returning,1,20,0.0,0.0,0.0,0.0,0.0,0.0,0.0,0.0,0.0,0.0,0.0,0.0,0.0,0.0,0.0,0.0,0.0,0.0,0.0,0.0,0.09090909090909091,1.0,0.08333333333333333,1.0,0.07692307692307693,1.0,0.07142857142857142,1.0,0.06666666666666667,1.0,0.0625,1.0,0.058823529411764705,1.0,0.05555555555555555,1.0,0.05263157894736842,1.0
doi_alpha03_beta07,108,Jashiin,returning,1,20,0.0,0.0,0.0,0.0,0.0,0.0,0.0,0.0,0.0,0.0,0.0,0.0,0.0,0.0,0.0,0.0,0.0,0.0,0.0,0.0,0.0,0.0,0.0,0.0,0.0,0.0,0.0,0.0,0.0,0.0,0.0,0.0,0.058823529411764705,1.0,0.05555555555555555,1.0,0.05263157894736842,1.0
doi_alpha0_beta1,108,Jashiin,returning,1,20,0.0,0.0,0.0,0.0,0.0,0.0,0.0,0.0,0.0,0.0,0.0,0.0,0.0,0.0,0.0,0.0,0.0,0.0,0.1,1.0,0.09090909090909091,1.0,0.08333333333333333,1.0,0.07692307692307693,1.0,0.07142857142857142,1.0,0.06666666666666667,1.0,0.0625,1.0,0.058823529411764705,1.0,0.05555555555555555,1.0,0.05263157894736842,1.0
doi_alpha1_beta0,112,Attilios,firstTime,21,19,1.0,0.047619047619047616,1.0,0.09523809523809523,1.0,0.14285714285714285,1.0,0.19047619047619047,1.0,0.23809523809523808,1.0,0.2857142857142857,1.0,0.3333333333333333,1.0,0.38095238095238093,1.0,0.42857142857142855,1.0,0.47619047619047616,1.0,0.5238095238095238,1.0,0.5714285714285714,1.0,0.6190476190476191,1.0,0.6666666666666666,1.0,0.7142857142857143,1.0,0.7619047619047619,1.0,0.8095238095238095,1.0,0.8571428571428571
random,112,Attilios,firstTime,21,19,1.0,0.047619047619047616,1.0,0.09523809523809523,1.0,0.14285714285714285,1.0,0.19047619047619047,1.0,0.23809523809523808,1.0,0.2857142857142857,1.0,0.3333333333333333,1.0,0.38095238095238093,1.0,0.42857142857142855,1.0,0.47619047619047616,1.0,0.5238095238095238,1.0,0.5714285714285714,1.0,0.6190476190476191,1.0,0.6666666666666666,1.0,0.7142857142857143,1.0,0.7619047619047619,1.0,0.8095238095238095,1.0,0.8571428571428571
doi_alpha1_beta0,113,Sesquialtera II,returning,21,2,1.0,0.047619047619047616
random,113,Sesquialtera II,returning,21,2,1.0,0.047619047619047616
doi_alpha03_beta07,113,Sesquialtera II,returning,21,2,1.0,0.047619047619047616
doi_alpha0_beta1,113,Sesquialtera II,returning,21,2,1.0,0.047619047619047616
doi_alpha1_beta0,119,YurikBot,firstTime,2,18,0.0,0.0,0.0,0.0,0.0,0.0,0.0,0.0,0.0,0.0,0.0,0.0,0.0,0.0,0.0,0.0,0.0,0.0,0.0,0.0,0.0,0.0,0.0,0.0,0.0,0.0,0.07142857142857142,0.5,0.06666666666666667,0.5,0.0625,0.5,0.058823529411764705,0.5
random,119,YurikBot,firstTime,2,18,0.0,0.0,0.0,0.0,0.0,0.0,0.0,0.0,0.0,0.0,0.0,0.0,0.0,0.0,0.0,0.0,0.0,0.0,0.0,0.0,0.0,0.0,0.0,0.0,0.0,0.0,0.0,0.0,0.0,0.0,0.0625,0.5,0.058823529411764705,0.5
doi_alpha1_beta0,121,Jashiin,returning,1,18,0.0,0.0,0.0,0.0,0.0,0.0,0.0,0.0,0.0,0.0,0.0,0.0,0.0,0.0,0.0,0.0,0.0,0.0,0.0,0.0,0.0,0.0,0.0,0.0,0.0,0.0,0.0,0.0,0.0,0.0,0.0,0.0,0.0,0.0
random,121,Jashiin,returning,1,18,0.0,0.0,0.0,0.0,0.0,0.0,0.0,0.0,0.0,0.0,0.0,0.0,0.0,0.0,0.0,0.0,0.0,0.0,0.0,0.0,0.0,0.0,0.0,0.0,0.0,0.0,0.0,0.0,0.0,0.0,0.0,0.0,0.0,0.0
doi_alpha03_beta07,121,Jashiin,returning,1,18,0.0,0.0,0.0,0.0,0.0,0.0,0.0,0.0,0.0,0.0,0.0,0.0,0.0,0.0,0.0,0.0,0.0,0.0,0.0,0.0,0.0,0.0,0.0,0.0,0.0,0.0,0.0,0.0,0.0,0.0,0.0,0.0,0.0,0.0
doi_alpha0_beta1,121,Jashiin,returning,1,18,0.0,0.0,0.0,0.0,0.0,0.0,0.0,0.0,0.0,0.0,0.0,0.0,0.0,0.0,0.0,0.0,0.0,0.0,0.0,0.0,0.0,0.0,0.0,0.0,0.0,0.0,0.0,0.0,0.0,0.0,0.0,0.0,0.0,0.0
doi_alpha1_beta0,130,Jashiin,returning,1,18,0.0,0.0,0.5,1.0,0.3333333333333333,1.0,0.25,1.0,0.2,1.0,0.16666666666666666,1.0,0.14285714285714285,1.0,0.125,1.0,0.1111111111111111,1.0,0.1,1.0,0.09090909090909091,1.0,0.08333333333333333,1.0,0.07692307692307693,1.0,0.07142857142857142,1.0,0.06666666666666667,1.0,0.0625,1.0,0.058823529411764705,1.0
random,130,Jashiin,returning,1,18,0.0,0.0,0.5,1.0,0.3333333333333333,1.0,0.25,1.0,0.2,1.0,0.16666666666666666,1.0,0.14285714285714285,1.0,0.125,1.0,0.1111111111111111,1.0,0.1,1.0,0.09090909090909091,1.0,0.08333333333333333,1.0,0.07692307692307693,1.0,0.07142857142857142,1.0,0.06666666666666667,1.0,0.0625,1.0,0.058823529411764705,1.0
doi_alpha03_beta07,130,Jashiin,returning,1,18,0.0,0.0,0.5,1.0,0.3333333333333333,1.0,0.25,1.0,0.2,1.0,0.16666666666666666,1.0,0.14285714285714285,1.0,0.125,1.0,0.1111111111111111,1.0,0.1,1.0,0.09090909090909091,1.0,0.08333333333333333,1.0,0.07692307692307693,1.0,0.07142857142857142,1.0,0.06666666666666667,1.0,0.0625,1.0,0.058823529411764705,1.0
doi_alpha0_beta1,130,Jashiin,returning,1,18,1.0,1.0,0.5,1.0,0.3333333333333333,1.0,0.25,1.0,0.2,1.0,0.16666666666666666,1.0,0.14285714285714285,1.0,0.125,1.0,0.1111111111111111,1.0,0.1,1.0,0.09090909090909091,1.0,0.08333333333333333,1.0,0.07692307692307693,1.0,0.07142857142857142,1.0,0.06666666666666667,1.0,0.0625,1.0,0.058823529411764705,1.0
doi_alpha1_beta0,132,Makemi,returning,2,18,0.0,0.0,0.0,0.0,0.0,0.0,0.0,0.0,0.0,0.0,0.0,0.0,0.0,0.0,0.0,0.0,0.0,0.0,0.0,0.0,0.09090909090909091,0.5,0.08333333333333333,0.5,0.07692307692307693,0.5,0.07142857142857142,0.5,0.06666666666666667,0.5,0.0625,0.5,0.058823529411764705,0.5
random,132,Makemi,returning,2,18,0.0,0.0,0.0,0.0,0.0,0.0,0.0,0.0,0.0,0.0,0.0,0.0,0.0,0.0,0.0,0.0,0.0,0.0,0.0,0.0,0.0,0.0,0.0,0.0,0.07692307692307693,0.5,0.07142857142857142,0.5,0.06666666666666667,0.5,0.0625,0.5,0.058823529411764705,0.5
doi_alpha03_beta07,132,Makemi,returning,2,18,0.0,0.0,0.0,0.0,0.0,0.0,0.0,0.0,0.0,0.0,0.0,0.0,0.0,0.0,0.0,0.0,0.0,0.0,0.0,0.0,0.09090909090909091,0.5,0.08333333333333333,0.5,0.07692307692307693,0.5,0.07142857142857142,0.5,0.06666666666666667,0.5,0.0625,0.5,0.058823529411764705,0.5
doi_alpha0_beta1,132,Makemi,returning,2,18,0.0,0.0,0.0,0.0,0.0,0.0,0.25,0.5,0.2,0.5,0.16666666666666666,0.5,0.14285714285714285,0.5,0.125,0.5,0.1111111111111111,0.5,0.1,0.5,0.09090909090909091,0.5,0.08333333333333333,0.5,0.07692307692307693,0.5,0.07142857142857142,0.5,0.06666666666666667,0.5,0.0625,0.5,0.058823529411764705,0.5
doi_alpha1_beta0,151,Jashiin,returning,26,20,1.0,0.038461538461538464,0.5,0.038461538461538464,0.3333333333333333,0.038461538461538464,0.25,0.038461538461538464,0.4,0.07692307692307693,0.3333333333333333,0.07692307692307693,0.42857142857142855,0.11538461538461539,0.5,0.15384615384615385,0.5555555555555556,0.19230769230769232,0.6,0.23076923076923078,0.6363636363636364,0.2692307692307692,0.5833333333333334,0.2692307692307692,0.6153846153846154,0.3076923076923077,0.5714285714285714,0.3076923076923077,0.5333333333333333,0.3076923076923077,0.5625,0.34615384615384615,0.5882352941176471,0.38461538461538464,0.5555555555555556,0.38461538461538464,0.5789473684210527,0.4230769230769231
random,151,Jashiin,returning,26,20,1.0,0.038461538461538464,0.5,0.038461538461538464,0.6666666666666666,0.07692307692307693,0.75,0.11538461538461539,0.8,0.15384615384615385,0.8333333333333334,0.19230769230769232,0.7142857142857143,0.19230769230769232,0.625,0.19230769230769232,0.5555555555555556,0.19230769230769232,0.5,0.19230769230769232,0.45454545454545453,0.19230769230769232,0.5,0.23076923076923078,0.46153846153846156,0.23076923076923078,0.5,0.2692307692307692,0.4666666666666667,0.2692307692307692,0.5,0.3076923076923077,0.5294117647058824,0.34615384615384615,0.5555555555555556,0.38461538461538464,0.5789473684210527,0.4230769230769231
doi_alpha03_beta07,151,Jashiin,returning,26,20,1.0,0.038461538461538464,0.5,0.038461538461538464,0.3333333333333333,0.038461538461538464,0.25,0.038461538461538464,0.4,0.07692307692307693,0.3333333333333333,0.07692307692307693,0.42857142857142855,0.11538461538461539,0.5,0.15384615384615385,0.5555555555555556,0.19230769230769232,0.6,0.23076923076923078,0.6363636363636364,0.2692307692307692,0.5833333333333334,0.2692307692307692,0.6153846153846154,0.3076923076923077,0.5714285714285714,0.3076923076923077,0.5333333333333333,0.3076923076923077,0.5625,0.34615384615384615,0.5882352941176471,0.38461538461538464,0.5555555555555556,0.38461538461538464,0.5789473684210527,0.4230769230769231
doi_alpha0_beta1,151,Jashiin,returning,26,20,1.0,0.038461538461538464,1.0,0.07692307692307693,0.6666666666666666,0.07692307692307693,0.5,0.07692307692307693,0.4,0.07692307692307693,0.5,0.11538461538461539,0.42857142857142855,0.11538461538461539,0.375,0.11538461538461539,0.3333333333333333,0.11538461538461539,0.3,0.11538461538461539,0.2727272727272727,0.11538461538461539,0.3333333333333333,0.15384615384615385,0.38461538461538464,0.19230769230769232,0.42857142857142855,0.23076923076923078,0.4666666666666667,0.2692307692307692,0.5,0.3076923076923077,0.5294117647058824,0.34615384615384615,0.5555555555555556,0.38461538461538464,0.5789473684210527,0.4230769230769231
doi_alpha1_beta0,170,Sotakeit,firstTime,1,18,0.0,0.0,0.0,0.0,0.0,0.0,0.0,0.0,0.0,0.0,0.0,0.0,0.0,0.0,0.0,0.0,0.0,0.0,0.0,0.0,0.0,0.0,0.0,0.0,0.0,0.0,0.0,0.0,0.0,0.0,0.0,0.0,0.0,0.0
random,170,Sotakeit,firstTime,1,18,0.0,0.0,0.0,0.0,0.0,0.0,0.0,0.0,0.0,0.0,0.0,0.0,0.0,0.0,0.0,0.0,0.0,0.0,0.0,0.0,0.0,0.0,0.0,0.0,0.0,0.0,0.0,0.0,0.0,0.0,0.0,0.0,0.0,0.0
doi_alpha1_beta0,171,Njaard,firstTime,1,19,0.0,0.0,0.0,0.0,0.0,0.0,0.0,0.0,0.0,0.0,0.0,0.0,0.0,0.0,0.0,0.0,0.0,0.0,0.0,0.0,0.0,0.0,0.0,0.0,0.0,0.0,0.0,0.0,0.0,0.0,0.0,0.0,0.0,0.0,0.0,0.0
random,171,Njaard,firstTime,1,19,0.0,0.0,0.0,0.0,0.0,0.0,0.0,0.0,0.0,0.0,0.0,0.0,0.0,0.0,0.0,0.0,0.0,0.0,0.0,0.0,0.0,0.0,0.0,0.0,0.0,0.0,0.0,0.0,0.06666666666666667,1.0,0.0625,1.0,0.058823529411764705,1.0,0.05555555555555555,1.0
doi_alpha1_beta0,172,MegX,firstTime,19,18,1.0,0.05263157894736842,1.0,0.10526315789473684,1.0,0.15789473684210525,1.0,0.21052631578947367,1.0,0.2631578947368421,1.0,0.3157894736842105,1.0,0.3684210526315789,1.0,0.42105263157894735,1.0,0.47368421052631576,1.0,0.5263157894736842,1.0,0.5789473684210527,1.0,0.631578947368421,1.0,0.6842105263157895,1.0,0.7368421052631579,1.0,0.7894736842105263,1.0,0.8421052631578947,1.0,0.8947368421052632
random,172,MegX,firstTime,19,18,1.0,0.05263157894736842,1.0,0.10526315789473684,1.0,0.15789473684210525,1.0,0.21052631578947367,1.0,0.2631578947368421,1.0,0.3157894736842105,1.0,0.3684210526315789,1.0,0.42105263157894735,1.0,0.47368421052631576,1.0,0.5263157894736842,1.0,0.5789473684210527,1.0,0.631578947368421,1.0,0.6842105263157895,1.0,0.7368421052631579,1.0,0.7894736842105263,1.0,0.8421052631578947,1.0,0.8947368421052632
doi_alpha1_beta0,173,FeanorStar7,firstTime,19,1
random,173,FeanorStar7,firstTime,19,1
doi_alpha1_beta0,175,Makemi,returning,1,18,0.0,0.0,0.0,0.0,0.0,0.0,0.0,0.0,0.0,0.0,0.0,0.0,0.0,0.0,0.0,0.0,0.1111111111111111,1.0,0.1,1.0,0.09090909090909091,1.0,0.08333333333333333,1.0,0.07692307692307693,1.0,0.07142857142857142,1.0,0.06666666666666667,1.0,0.0625,1.0,0.058823529411764705,1.0
random,175,Makemi,returning,1,18,0.0,0.0,0.0,0.0,0.3333333333333333,1.0,0.25,1.0,0.2,1.0,0.16666666666666666,1.0,0.14285714285714285,1.0,0.125,1.0,0.1111111111111111,1.0,0.1,1.0,0.09090909090909091,1.0,0.08333333333333333,1.0,0.07692307692307693,1.0,0.07142857142857142,1.0,0.06666666666666667,1.0,0.0625,1.0,0.058823529411764705,1.0
doi_alpha03_beta07,175,Makemi,returning,1,18,0.0,0.0,0.0,0.0,0.0,0.0,0.0,0.0,0.0,0.0,0.0,0.0,0.0,0.0,0.0,0.0,0.1111111111111111,1.0,0.1,1.0,0.09090909090909091,1.0,0.08333333333333333,1.0,0.07692307692307693,1.0,0.07142857142857142,1.0,0.06666666666666667,1.0,0.0625,1.0,0.058823529411764705,1.0
doi_alpha0_beta1,175,Makemi,returning,1,18,0.0,0.0,0.0,0.0,0.0,0.0,0.0,0.0,0.0,0.0,0.0,0.0,0.0,0.0,0.0,0.0,0.0,0.0,0.0,0.0,0.0,0.0,0.0,0.0,0.0,0.0,0.0,0.0,0.06666666666666667,1.0,0.0625,1.0,0.058823529411764705,1.0
doi_alpha1_beta0,176,RoddyYoung,firstTime,8,17,0.0,0.0,0.0,0.0,0.0,0.0,0.0,0.0,0.0,0.0,0.0,0.0,0.0,0.0,0.0,0.0,0.0,0.0,0.0,0.0,0.0,0.0,0.0,0.0,0.0,0.0,0.0,0.0,0.0,0.0,0.0,0.0
random,176,RoddyYoung,firstTime,8,17,0.0,0.0,0.0,0.0,0.0,0.0,0.0,0.0,0.0,0.0,0.0,0.0,0.0,0.0,0.0,0.0,0.0,0.0,0.0,0.0,0.0,0.0,0.0,0.0,0.0,0.0,0.0,0.0,0.0,0.0,0.0,0.0
doi_alpha1_beta0,178,Saeed Jahed,firstTime,1,25,0.0,0.0,0.0,0.0,0.0,0.0,0.0,0.0,0.0,0.0,0.0,0.0,0.0,0.0,0.0,0.0,0.0,0.0,0.0,0.0,0.0,0.0,0.0,0.0,0.0,0.0,0.0,0.0,0.0,0.0,0.0,0.0,0.0,0.0,0.0,0.0,0.0,0.0,0.0,0.0,0.0,0.0,0.0,0.0,0.0,0.0,0.0,0.0
random,178,Saeed Jahed,firstTime,1,25,0.0,0.0,0.0,0.0,0.0,0.0,0.0,0.0,0.0,0.0,0.0,0.0,0.0,0.0,0.0,0.0,0.0,0.0,0.0,0.0,0.0,0.0,0.0,0.0,0.0,0.0,0.0,0.0,0.0,0.0,0.0,0.0,0.0,0.0,0.0,0.0,0.0,0.0,0.0,0.0,0.0,0.0,0.0,0.0,0.0,0.0,0.0,0.0
doi_alpha1_beta0,182,Makemi,returning,2,26,0.0,0.0,0.0,0.0,0.0,0.0,0.0,0.0,0.0,0.0,0.0,0.0,0.0,0.0,0.0,0.0,0.0,0.0,0.0,0.0,0.0,0.0,0.0,0.0,0.0,0.0,0.0,0.0,0.0,0.0,0.0,0.0,0.0,0.0,0.0,0.0,0.0,0.0,0.0,0.0,0.0,0.0,0.0,0.0,0.0,0.0,0.0,0.0,0.0,0.0
random,182,Makemi,returning,2,26,0.0,0.0,0.0,0.0,0.0,0.0,0.0,0.0,0.0,0.0,0.0,0.0,0.0,0.0,0.0,0.0,0.0,0.0,0.0,0.0,0.0,0.0,0.0,0.0,0.0,0.0,0.0,0.0,0.0,0.0,0.0,0.0,0.0,0.0,0.0,0.0,0.0,0.0,0.0,0.0,0.0,0.0,0.0,0.0,0.0,0.0,0.0,0.0,0.0,0.0
doi_alpha03_beta07,182,Makemi,returning,2,26,0.0,0.0,0.0,0.0,0.0,0.0,0.0,0.0,0.0,0.0,0.0,0.0,0.0,0.0,0.0,0.0,0.0,0.0,0.0,0.0,0.0,0.0,0.0,0.0,0.0,0.0,0.0,0.0,0.0,0.0,0.0,0.0,0.0,0.0,0.0,0.0,0.0,0.0,0.0,0.0,0.0,0.0,0.0,0.0,0.0,0.0,0.0,0.0,0.0,0.0
doi_alpha0_beta1,182,Makemi,returning,2,26,0.0,0.0,0.0,0.0,0.0,0.0,0.0,0.0,0.0,0.0,0.0,0.0,0.0,0.0,0.0,0.0,0.0,0.0,0.0,0.0,0.0,0.0,0.0,0.0,0.0,0.0,0.0,0.0,0.0,0.0,0.0,0.0,0.0,0.0,0.0,0.0,0.0,0.0,0.0,0.0,0.0,0.0,0.0,0.0,0.0,0.0,0.0,0.0,0.0,0.0
doi_alpha1_beta0,184,Makemi,returning,2,28,0.0,0.0,0.0,0.0,0.0,0.0,0.0,0.0,0.0,0.0,0.0,0.0,0.0,0.0,0.0,0.0,0.0,0.0,0.0,0.0,0.0,0.0,0.0,0.0,0.0,0.0,0.0,0.0,0.0,0.0,0.0,0.0,0.0,0.0,0.0,0.0,0.0,0.0,0.0,0.0,0.0,0.0,0.0,0.0,0.0,0.0,0.0,0.0,0.0,0.0,0.0,0.0,0.037037037037037035,0.5
random,184,Makemi,returning,2,28,0.0,0.0,0.0,0.0,0.3333333333333333,0.5,0.25,0.5,0.2,0.5,0.16666666666666666,0.5,0.14285714285714285,0.5,0.125,0.5,0.1111111111111111,0.5,0.1,0.5,0.09090909090909091,0.5,0.08333333333333333,0.5,0.07692307692307693,0.5,0.07142857142857142,0.5,0.06666666666666667,0.5,0.0625,0.5,0.058823529411764705,0.5,0.05555555555555555,0.5,0.05263157894736842,0.5,0.05,0.5,0.047619047619047616,0.5,0.09090909090909091,1.0,0.08695652173913043,1.0,0.08333333333333333,1.0,0.08,1.0,0.07692307692307693,1.0,0.07407407407407407,1.0
doi_alpha03_beta07,184,Makemi,returning,2,28,0.0,0.0,0.0,0.0,0.0,0.0,0.0,0.0,0.0,0.0,0.0,0.0,0.0,0.0,0.0,0.0,0.0,0.0,0.0,0.0,0.0,0.0,0.0,0.0,0.0,0.0,0.0,0.0,0.0,0.0,0.0,0.0,0.0,0.0,0.0,0.0,0.0,0.0,0.0,0.0,0.0,0.0,0.0,0.0,0.0,0.0,0.0,0.0,0.0,0.0,0.0,0.0,0.037037037037037035,0.5
doi_alpha0_beta1,184,Makemi,returning,2,28,1.0,0.5,1.0,1.0,0.6666666666666666,1.0,0.5,1.0,0.4,1.0,0.3333333333333333,1.0,0.2857142857142857,1.0,0.25,1.0,0.2222222222222222,1.0,0.2,1.0,0.18181818181818182,1.0,0.16666666666666666,1.0,0.15384615384615385,1.0,0.14285714285714285,1.0,0.13333333333333333,1.0,0.125,1.0,0.11764705882352941,1.0,0.1111111111111111,1.0,0.10526315789473684,1.0,0.1,1.0,0.09523809523809523,1.0,0.09090909090909091,1.0,0.08695652173913043,1.0,0.08333333333333333,1.0,0.08,1.0,0.07692307692307693,1.0,0.07407407407407407,1.0
doi_alpha1_beta0,190,Kaisershatner,firstTime,2,28,0.0,0.0,0.0,0.0,0.0,0.0,0.0,0.0,0.0,0.0,0.0,0.0,0.0,0.0,0.0,0.0,0.0,0.0,0.0,0.0,0.0,0.0,0.0,0.0,0.0,0.0,0.0,0.0,0.0,0.0,0.0,0.0,0.0,0.0,0.0,0.0,0.0,0.0,0.0,0.0,0.0,0.0,0.0,0.0,0.0,0.0,0.041666666666666664,0.5,0.08,1.0,0.07692307692307693,1.0,0.07407407407407407,1.0
random,190,Kaisershatner,firstTime,2,28,1.0,0.5,0.5,0.5,0.3333333333333333,0.5,0.25,0.5,0.2,0.5,0.16666666666666666,0.5,0.14285714285714285,0.5,0.125,0.5,0.1111111111111111,0.5,0.1,0.5,0.09090909090909091,0.5,0.08333333333333333,0.5,0.07692307692307693,0.5,0.07142857142857142,0.5,0.06666666666666667,0.5,0.0625,0.5,0.11764705882352941,1.0,0.1111111111111111,1.0,0.10526315789473684,1.0,0.1,1.0,0.09523809523809523,1.0,0.09090909090909091,1.0,0.08695652173913043,1.0,0.08333333333333333,1.0,0.08,1.0,0.07692307692307693,1.0,0.07407407407407407,1.0
doi_alpha1_beta0,192,Antandrus,returning,2,28,0.0,0.0,0.0,0.0,0.0,0.0,0.0,0.0,0.0,0.0,0.0,0.0,0.0,0.0,0.0,0.0,0.0,0.0,0.0,0.0,0.0,0.0,0.0,0.0,0.0,0.0,0.0,0.0,0.0,0.0,0.0,0.0,0.0,0.0,0.0,0.0,0.0,0.0,0.0,0.0,0.0,0.0,0.0,0.0,0.0,0.0,0.041666666666666664,0.5,0.08,1.0,0.07692307692307693,1.0,0.07407407407407407,1.0
random,192,Antandrus,returning,2,28,0.0,0.0,0.0,0.0,0.0,0.0,0.0,0.0,0.0,0.0,0.0,0.0,0.0,0.0,0.0,0.0,0.0,0.0,0.0,0.0,0.09090909090909091,0.5,0.08333333333333333,0.5,0.07692307692307693,0.5,0.07142857142857142,0.5,0.13333333333333333,1.0,0.125,1.0,0.11764705882352941,1.0,0.1111111111111111,1.0,0.10526315789473684,1.0,0.1,1.0,0.09523809523809523,1.0,0.09090909090909091,1.0,0.08695652173913043,1.0,0.08333333333333333,1.0,0.08,1.0,0.07692307692307693,1.0,0.07407407407407407,1.0
doi_alpha03_beta07,192,Antandrus,returning,2,28,0.0,0.0,0.0,0.0,0.0,0.0,0.0,0.0,0.0,0.0,0.0,0.0,0.0,0.0,0.0,0.0,0.0,0.0,0.0,0.0,0.0,0.0,0.0,0.0,0.0,0.0,0.0,0.0,0.0,0.0,0.0,0.0,0.0,0.0,0.0,0.0,0.0,0.0,0.0,0.0,0.0,0.0,0.0,0.0,0.0,0.0,0.041666666666666664,0.5,0.08,1.0,0.07692307692307693,1.0,0.07407407407407407,1.0
doi_alpha0_beta1,192,Antandrus,returning,2,28,1.0,0.5,1.0,1.0,0.6666666666666666,1.0,0.5,1.0,0.4,1.0,0.3333333333333333,1.0,0.2857142857142857,1.0,0.25,1.0,0.2222222222222222,1.0,0.2,1.0,0.18181818181818182,1.0,0.16666666666666666,1.0,0.15384615384615385,1.0,0.14285714285714285,1.0,0.13333333333333333,1.0,0.125,1.0,0.11764705882352941,1.0,0.1111111111111111,1.0,0.10526315789473684,1.0,0.1,1.0,0.09523809523809523,1.0,0.09090909090909091,1.0,0.08695652173913043,1.0,0.08333333333333333,1.0,0.08,1.0,0.07692307692307693,1.0,0.07407407407407407,1.0
doi_alpha1_beta0,198,Jay Litman,firstTime,2,28,0.0,0.0,0.0,0.0,0.0,0.0,0.0,0.0,0.0,0.0,0.0,0.0,0.0,0.0,0.0,0.0,0.0,0.0,0.0,0.0,0.0,0.0,0.0,0.0,0.0,0.0,0.0,0.0,0.0,0.0,0.0,0.0,0.0,0.0,0.0,0.0,0.0,0.0,0.0,0.0,0.0,0.0,0.0,0.0,0.0,0.0,0.041666666666666664,0.5,0.08,1.0,0.07692307692307693,1.0,0.07407407407407407,1.0
random,198,Jay Litman,firstTime,2,28,0.0,0.0,0.0,0.0,0.0,0.0,0.0,0.0,0.0,0.0,0.0,0.0,0.0,0.0,0.0,0.0,0.0,0.0,0.0,0.0,0.0,0.0,0.0,0.0,0.0,0.0,0.07142857142857142,0.5,0.06666666666666667,0.5,0.0625,0.5,0.058823529411764705,0.5,0.05555555555555555,0.5,0.10526315789473684,1.0,0.1,1.0,0.09523809523809523,1.0,0.09090909090909091,1.0,0.08695652173913043,1.0,0.08333333333333333,1.0,0.08,1.0,0.07692307692307693,1.0,0.07407407407407407,1.0
doi_alpha1_beta0,201,Wiki alf,firstTime,2,26,0.0,0.0,0.0,0.0,0.0,0.0,0.0,0.0,0.0,0.0,0.0,0.0,0.0,0.0,0.0,0.0,0.0,0.0,0.0,0.0,0.0,0.0,0.0,0.0,0.0,0.0,0.0,0.0,0.0,0.0,0.0,0.0,0.0,0.0,0.0,0.0,0.0,0.0,0.0,0.0,0.0,0.0,0.0,0.0,0.0,0.0,0.0,0.0,0.0,0.0
random,201,Wiki alf,firstTime,2,26,0.0,0.0,0.0,0.0,0.0,0.0,0.0,0.0,0.0,0.0,0.0,0.0,0.0,0.0,0.0,0.0,0.0,0.0,0.0,0.0,0.0,0.0,0.0,0.0,0.0,0.0,0.0,0.0,0.0,0.0,0.0,0.0,0.0,0.0,0.0,0.0,0.0,0.0,0.0,0.0,0.0,0.0,0.0,0.0,0.0,0.0,0.0,0.0,0.0,0.0
doi_alpha1_beta0,206,Sesquialtera II,returning,1,27,0.0,0.0,0.0,0.0,0.0,0.0,0.0,0.0,0.0,0.0,0.0,0.0,0.0,0.0,0.0,0.0,0.0,0.0,0.0,0.0,0.0,0.0,0.0,0.0,0.07692307692307693,1.0,0.07142857142857142,1.0,0.06666666666666667,1.0,0.0625,1.0,0.058823529411764705,1.0,0.05555555555555555,1.0,0.05263157894736842,1.0,0.05,1.0,0.047619047619047616,1.0,0.045454545454545456,1.0,0.043478260869565216,1.0,0.041666666666666664,1.0,0.04,1.0,0.038461538461538464,1.0
random,206,Sesquialtera II,returning,1,27,0.0,0.0,0.0,0.0,0.0,0.0,0.0,0.0,0.0,0.0,0.0,0.0,0.0,0.0,0.0,0.0,0.0,0.0,0.0,0.0,0.09090909090909091,1.0,0.08333333333333333,1.0,0.07692307692307693,1.0,0.07142857142857142,1.0,0.06666666666666667,1.0,0.0625,1.0,0.058823529411764705,1.0,0.05555555555555555,1.0,0.05263157894736842,1.0,0.05,1.0,0.047619047619047616,1.0,0.045454545454545456,1.0,0.043478260869565216,1.0,0.041666666666666664,1.0,0.04,1.0,0.038461538461538464,1.0
doi_alpha03_beta07,206,Sesquialtera II,returning,1,27,0.0,0.0,0.0,0.0,0.0,0.0,0.0,0.0,0.0,0.0,0.0,0.0,0.0,0.0,0.0,0.0,0.0,0.0,0.0,0.0,0.0,0.0,0.0,0.0,0.07692307692307693,1.0,0.07142857142857142,1.0,0.06666666666666667,1.0,0.0625,1.0,0.058823529411764705,1.0,0.05555555555555555,1.0,0.05263157894736842,1.0,0.05,1.0,0.047619047619047616,1.0,0.045454545454545456,1.0,0.043478260869565216,1.0,0.041666666666666664,1.0,0.04,1.0,0.038461538461538464,1.0
doi_alpha0_beta1,206,Sesquialtera II,returning,1,27,0.0,0.0,0.0,0.0,0.0,0.0,0.0,0.0,0.0,0.0,0.0,0.0,0.0,0.0,0.0,0.0,0.0,0.0,0.0,0.0,0.0,0.0,0.0,0.0,0.0,0.0,0.0,0.0,0.0,0.0,0.0,0.0,0.058823529411764705,1.0,0.05555555555555555,1.0,0.05263157894736842,1.0,0.05,1.0,0.047619047619047616,1.0,0.045454545454545456,1.0,0.043478260869565216,1.0,0.041666666666666664,1.0,0.04,1.0,0.038461538461538464,1.0
doi_alpha1_beta0,208,Dr. Friendly,firstTime,3,27,0.0,0.0,0.0,0.0,0.0,0.0,0.25,0.3333333333333333,0.2,0.3333333333333333,0.16666666666666666,0.3333333333333333,0.14285714285714285,0.3333333333333333,0.125,0.3333333333333333,0.1111111111111111,0.3333333333333333,0.2,0.6666666666666666,0.18181818181818182,0.6666666666666666,0.16666666666666666,0.6666666666666666,0.15384615384615385,0.6666666666666666,0.14285714285714285,0.6666666666666666,0.13333333333333333,0.6666666666666666,0.125,0.6666666666666666,0.11764705882352941,0.6666666666666666,0.1111111111111111,0.6666666666666666,0.10526315789473684,0.6666666666666666,0.1,0.6666666666666666,0.09523809523809523,0.6666666666666666,0.09090909090909091,0.6666666666666666,0.08695652173913043,0.6666666666666666,0.08333333333333333,0.6666666666666666,0.08,0.6666666666666666,0.07692307692307693,0.6666666666666666
random,208,Dr. Friendly,firstTime,3,27,0.0,0.0,0.0,0.0,0.0,0.0,0.0,0.0,0.0,0.0,0.0,0.0,0.0,0.0,0.0,0.0,0.0,0.0,0.0,0.0,0.0,0.0,0.0,0.0,0.0,0.0,0.0,0.0,0.0,0.0,0.0,0.0,0.0,0.0,0.05555555555555555,0.3333333333333333,0.10526315789473684,0.6666666666666666,0.1,0.6666666666666666,0.09523809523809523,0.6666666666666666,0.09090909090909091,0.6666666666666666,0.08695652173913043,0.6666666666666666,0.08333333333333333,0.6666666666666666,0.08,0.6666666666666666,0.07692307692307693,0.6666666666666666
doi_alpha1_beta0,211,Zozobra,firstTime,1,28,0.0,0.0,0.0,0.0,0.0,0.0,0.0,0.0,0.0,0.0,0.0,0.0,0.0,0.0,0.0,0.0,0.0,0.0,0.0,0.0,0.0,0.0,0.0,0.0,0.0,0.0,0.0,0.0,0.0,0.0,0.0,0.0,0.0,0.0,0.0,0.0,0.0,0.0,0.0,0.0,0.0,0.0,0.0,0.0,0.043478260869565216,1.0,0.041666666666666664,1.0,0.04,1.0,0.038461538461538464,1.0,0.037037037037037035,1.0
random,211,Zozobra,firstTime,1,28,0.0,0.0,0.0,0.0,0.0,0.0,0.0,0.0,0.0,0.0,0.0,0.0,0.0,0.0,0.0,0.0,0.0,0.0,0.0,0.0,0.0,0.0,0.0,0.0,0.0,0.0,0.0,0.0,0.0,0.0,0.0,0.0,0.0,0.0,0.05555555555555555,1.0,0.05263157894736842,1.0,0.05,1.0,0.047619047619047616,1.0,0.045454545454545456,1.0,0.043478260869565216,1.0,0.041666666666666664,1.0,0.04,1.0,0.038461538461538464,1.0,0.037037037037037035,1.0
doi_alpha1_beta0,228,EncMstr,returning,1,27,0.0,0.0,0.5,1.0,0.3333333333333333,1.0,0.25,1.0,0.2,1.0,0.16666666666666666,1.0,0.14285714285714285,1.0,0.125,1.0,0.1111111111111111,1.0,0.1,1.0,0.09090909090909091,1.0,0.08333333333333333,1.0,0.07692307692307693,1.0,0.07142857142857142,1.0,0.06666666666666667,1.0,0.0625,1.0,0.058823529411764705,1.0,0.05555555555555555,1.0,0.05263157894736842,1.0,0.05,1.0,0.047619047619047616,1.0,0.045454545454545456,1.0,0.043478260869565216,1.0,0.041666666666666664,1.0,0.04,1.0,0.038461538461538464,1.0
random,228,EncMstr,returning,1,27,0.0,0.0,0.0,0.0,0.0,0.0,0.0,0.0,0.0,0.0,0.0,0.0,0.0,0.0,0.0,0.0,0.0,0.0,0.0,0.0,0.0,0.0,0.0,0.0,0.0,0.0,0.0,0.0,0.0,0.0,0.0,0.0,0.0,0.0,0.0,0.0,0.05263157894736842,1.0,0.05,1.0,0.047619047619047616,1.0,0.045454545454545456,1.0,0.043478260869565216,1.0,0.041666666666666664,1.0,0.04,1.0,0.038461538461538464,1.0
doi_alpha03_beta07,228,EncMstr,returning,1,27,0.0,0.0,0.5,1.0,0.3333333333333333,1.0,0.25,1.0,0.2,1.0,0.16666666666666666,1.0,0.14285714285714285,1.0,0.125,1.0,0.1111111111111111,1.0,0.1,1.0,0.09090909090909091,1.0,0.08333333333333333,1.0,0.07692307692307693,1.0,0.07142857142857142,1.0,0.06666666666666667,1.0,0.0625,1.0,0.058823529411764705,1.0,0.05555555555555555,1.0,0.05263157894736842,1.0,0.05,1.0,0.047619047619047616,1.0,0.045454545454545456,1.0,0.043478260869565216,1.0,0.041666666666666664,1.0,0.04,1.0,0.038461538461538464,1.0
doi_alpha0_beta1,228,EncMstr,returning,1,27,0.0,0.0,0.0,0.0,0.0,0.0,0.0,0.0,0.0,0.0,0.0,0.0,0.0,0.0,0.0,0.0,0.0,0.0,0.0,0.0,0.0,0.0,0.0,0.0,0.0,0.0,0.07142857142857142,1.0,0.06666666666666667,1.0,0.0625,1.0,0.058823529411764705,1.0,0.05555555555555555,1.0,0.05263157894736842,1.0,0.05,1.0,0.047619047619047616,1.0,0.045454545454545456,1.0,0.043478260869565216,1.0,0.041666666666666664,1.0,0.04,1.0,0.038461538461538464,1.0
doi_alpha1_beta0,229,Wadewitz,firstTime,6,27,0.0,0.0,0.0,0.0,0.0,0.0,0.0,0.0,0.0,0.0,0.16666666666666666,0.16666666666666666,0.14285714285714285,0.16666666666666666,0.125,0.16666666666666666,0.2222222222222222,0.3333333333333333,0.2,0.3333333333333333,0.18181818181818182,0.3333333333333333,0.16666666666666666,0.3333333333333333,0.15384615384615385,0.3333333333333333,0.14285714285714285,0.3333333333333333,0.2,0.5,0.25,0.6666666666666666,0.23529411764705882,0.6666666666666666,0.2777777777777778,0.8333333333333334,0.2631578947368421,0.8333333333333334,0.25,0.8333333333333334,0.23809523809523808,0.8333333333333334,0.2727272727272727,1.0,0.2608695652173913,1.0,0.25,1.0,0.24,1.0,0.23076923076923078,1.0
random,229,Wadewitz,firstTime,6,27,0.0,0.0,0.0,0.0,0.0,0.0,0.25,0.16666666666666666,0.4,0.3333333333333333,0.3333333333333333,0.3333333333333333,0.2857142857142857,0.3333333333333333,0.25,0.3333333333333333,0.2222222222222222,0.3333333333333333,0.2,0.3333333333333333,0.18181818181818182,0.3333333333333333,0.16666666666666666,0.3333333333333333,0.15384615384615385,0.3333333333333333,0.21428571428571427,0.5,0.2,0.5,0.1875,0.5,0.17647058823529413,0.5,0.2222222222222222,0.6666666666666666,0.21052631578947367,0.6666666666666666,0.2,0.6666666666666666,0.19047619047619047,0.6666666666666666,0.18181818181818182,0.6666666666666666,0.21739130434782608,0.8333333333333334,0.20833333333333334,0.8333333333333334,0.2,0.8333333333333334,0.23076923076923078,1.0
doi_alpha1_beta0,230,MarkBuckles,firstTime,6,21,0.0,0.0,0.0,0.0,0.0,0.0,0.0,0.0,0.0,0.0,0.0,0.0,0.0,0.0,0.0,0.0,0.0,0.0,0.0,0.0,0.0,0.0,0.0,0.0,0.0,0.0,0.0,0.0,0.0,0.0,0.0,0.0,0.0,0.0,0.0,0.0,0.0,0.0,0.0,0.0
random,230,MarkBuckles,firstTime,6,21,0.0,0.0,0.0,0.0,0.0,0.0,0.0,0.0,0.0,0.0,0.0,0.0,0.0,0.0,0.0,0.0,0.0,0.0,0.0,0.0,0.0,0.0,0.0,0.0,0.0,0.0,0.0,0.0,0.0,0.0,0.0,0.0,0.0,0.0,0.0,0.0,0.0,0.0,0.0,0.0
doi_alpha1_beta0,237,Matt.kaner,firstTime,4,27,0.0,0.0,0.0,0.0,0.3333333333333333,0.25,0.5,0.5,0.4,0.5,0.3333333333333333,0.5,0.2857142857142857,0.5,0.25,0.5,0.2222222222222222,0.5,0.2,0.5,0.18181818181818182,0.5,0.16666666666666666,0.5,0.15384615384615385,0.5,0.14285714285714285,0.5,0.13333333333333333,0.5,0.125,0.5,0.11764705882352941,0.5,0.1111111111111111,0.5,0.10526315789473684,0.5,0.15,0.75,0.14285714285714285,0.75,0.13636363636363635,0.75,0.13043478260869565,0.75,0.16666666666666666,1.0,0.16,1.0,0.15384615384615385,1.0
random,237,Matt.kaner,firstTime,4,27,0.0,0.0,0.0,0.0,0.3333333333333333,0.25,0.5,0.5,0.4,0.5,0.3333333333333333,0.5,0.2857142857142857,0.5,0.25,0.5,0.2222222222222222,0.5,0.2,0.5,0.18181818181818182,0.5,0.16666666666666666,0.5,0.23076923076923078,0.75,0.21428571428571427,0.75,0.2,0.75,0.1875,0.75,0.17647058823529413,0.75,0.16666666666666666,0.75,0.15789473684210525,0.75,0.15,0.75,0.14285714285714285,0.75,0.18181818181818182,1.0,0.17391304347826086,1.0,0.16666666666666666,1.0,0.16,1.0,0.15384615384615385,1.0
doi_alpha1_beta0,240,Matt.kaner,returning,10,18,0.0,0.0,0.0,0.0,0.0,0.0,0.0,0.0,0.0,0.0,0.0,0.0,0.0,0.0,0.0,0.0,0.0,0.0,0.0,0.0,0.0,0.0,0.0,0.0,0.0,0.0,0.07142857142857142,0.1,0.06666666666666667,0.1,0.0625,0.1,0.058823529411764705,0.1
random,240,Matt.kaner,returning,10,18,0.0,0.0,0.0,0.0,0.0,0.0,0.0,0.0,0.0,0.0,0.0,0.0,0.0,0.0,0.0,0.0,0.0,0.0,0.1,0.1,0.09090909090909091,0.1,0.08333333333333333,0.1,0.07692307692307693,0.1,0.07142857142857142,0.1,0.06666666666666667,0.1,0.0625,0.1,0.058823529411764705,0.1
doi_alpha03_beta07,240,Matt.kaner,returning,10,18,0.0,0.0,0.0,0.0,0.0,0.0,0.0,0.0,0.0,0.0,0.0,0.0,0.0,0.0,0.0,0.0,0.0,0.0,0.0,0.0,0.0,0.0,0.0,0.0,0.0,0.0,0.07142857142857142,0.1,0.06666666666666667,0.1,0.0625,0.1,0.058823529411764705,0.1
doi_alpha0_beta1,240,Matt.kaner,returning,10,18,1.0,0.1,0.5,0.1,0.3333333333333333,0.1,0.25,0.1,0.2,0.1,0.16666666666666666,0.1,0.14285714285714285,0.1,0.125,0.1,0.1111111111111111,0.1,0.1,0.1,0.09090909090909091,0.1,0.08333333333333333,0.1,0.07692307692307693,0.1,0.07142857142857142,0.1,0.06666666666666667,0.1,0.0625,0.1,0.058823529411764705,0.1
doi_alpha1_beta0,244,Harryboyles,firstTime,1,28,0.0,0.0,0.0,0.0,0.0,0.0,0.0,0.0,0.0,0.0,0.0,0.0,0.0,0.0,0.0,0.0,0.0,0.0,0.0,0.0,0.0,0.0,0.0,0.0,0.0,0.0,0.0,0.0,0.0,0.0,0.0,0.0,0.0,0.0,0.0,0.0,0.0,0.0,0.0,0.0,0.0,0.0,0.0,0.0,0.0,0.0,0.0,0.0,0.04,1.0,0.038461538461538464,1.0,0.037037037037037035,1.0
random,244,Harryboyles,firstTime,1,28,0.0,0.0,0.0,0.0,0.0,0.0,0.0,0.0,0.0,0.0,0.0,0.0,0.0,0.0,0.0,0.0,0.0,0.0,0.0,0.0,0.0,0.0,0.0,0.0,0.0,0.0,0.0,0.0,0.0,0.0,0.0,0.0,0.0,0.0,0.0,0.0,0.0,0.0,0.0,0.0,0.0,0.0,0.0,0.0,0.0,0.0,0.0,0.0,0.0,0.0,0.0,0.0,0.0,0.0
doi_alpha1_beta0,247,Jrh6k2,firstTime,2,27,0.0,0.0,0.0,0.0,0.0,0.0,0.0,0.0,0.0,0.0,0.0,0.0,0.0,0.0,0.0,0.0,0.0,0.0,0.0,0.0,0.0,0.0,0.0,0.0,0.0,0.0,0.0,0.0,0.0,0.0,0.0625,0.5,0.058823529411764705,0.5,0.1111111111111111,1.0,0.10526315789473684,1.0,0.1,1.0,0.09523809523809523,1.0,0.09090909090909091,1.0,0.08695652173913043,1.0,0.08333333333333333,1.0,0.08,1.0,0.07692307692307693,1.0
random,247,Jrh6k2,firstTime,2,27,0.0,0.0,0.0,0.0,0.3333333333333333,0.5,0.25,0.5,0.2,0.5,0.16666666666666666,0.5,0.14285714285714285,0.5,0.125,0.5,0.1111111111111111,0.5,0.1,0.5,0.09090909090909091,0.5,0.08333333333333333,0.5,0.15384615384615385,1.0,0.14285714285714285,1.0,0.13333333333333333,1.0,0.125,1.0,0.11764705882352941,1.0,0.1111111111111111,1.0,0.10526315789473684,1.0,0.1,1.0,0.09523809523809523,1.0,0.09090909090909091,1.0,0.08695652173913043,1.0,0.08333333333333333,1.0,0.08,1.0,0.07692307692307693,1.0
doi_alpha1_beta0,249,Indon,firstTime,5,25,0.0,0.0,0.0,0.0,0.0,0.0,0.0,0.0,0.2,0.2,0.16666666666666666,0.2,0.2857142857142857,0.4,0.25,0.4,0.3333333333333333,0.6,0.3,0.6,0.2727272727272727,0.6,0.25,0.6,0.23076923076923078,0.6,0.21428571428571427,0.6,0.2,0.6,0.1875,0.6,0.17647058823529413,0.6,0.16666666666666666,0.6,0.15789473684210525,0.6,0.15,0.6,0.14285714285714285,0.6,0.13636363636363635,0.6,0.17391304347826086,0.8,0.20833333333333334,1.0
random,249,Indon,firstTime,5,25,0.0,0.0,0.5,0.2,0.3333333333333333,0.2,0.25,0.2,0.2,0.2,0.16666666666666666,0.2,0.2857142857142857,0.4,0.25,0.4,0.2222222222222222,0.4,0.2,0.4,0.18181818181818182,0.4,0.16666666666666666,0.4,0.15384615384615385,0.4,0.14285714285714285,0.4,0.13333333333333333,0.4,0.125,0.4,0.17647058823529413,0.6,0.16666666666666666,0.6,0.15789473684210525,0.6,0.2,0.8,0.19047619047619047,0.8,0.22727272727272727,1.0,0.21739130434782608,1.0,0.20833333333333334,1.0
doi_alpha1_beta0,252,Jrh6k2,returning,2,26,0.0,0.0,0.0,0.0,0.0,0.0,0.0,0.0,0.0,0.0,0.0,0.0,0.0,0.0,0.0,0.0,0.0,0.0,0.0,0.0,0.09090909090909091,0.5,0.08333333333333333,0.5,0.07692307692307693,0.5,0.07142857142857142,0.5,0.06666666666666667,0.5,0.0625,0.5,0.058823529411764705,0.5,0.05555555555555555,0.5,0.05263157894736842,0.5,0.05,0.5,0.047619047619047616,0.5,0.045454545454545456,0.5,0.043478260869565216,0.5,0.041666666666666664,0.5,0.04,0.5
random,252,Jrh6k2,returning,2,26,0.0,0.0,0.0,0.0,0.0,0.0,0.0,0.0,0.0,0.0,0.0,0.0,0.0,0.0,0.0,0.0,0.0,0.0,0.0,0.0,0.0,0.0,0.0,0.0,0.0,0.0,0.0,0.0,0.0,0.0,0.0,0.0,0.0,0.0,0.0,0.0,0.0,0.0,0.0,0.0,0.0,0.0,0.045454545454545456,0.5,0.043478260869565216,0.5,0.041666666666666664,0.5,0.04,0.5
doi_alpha03_beta07,252,Jrh6k2,returning,2,26,0.0,0.0,0.0,0.0,0.0,0.0,0.0,0.0,0.0,0.0,0.0,0.0,0.0,0.0,0.0,0.0,0.0,0.0,0.0,0.0,0.09090909090909091,0.5,0.08333333333333333,0.5,0.07692307692307693,0.5,0.07142857142857142,0.5,0.06666666666666667,0.5,0.0625,0.5,0.058823529411764705,0.5,0.05555555555555555,0.5,0.05263157894736842,0.5,0.05,0.5,0.047619047619047616,0.5,0.045454545454545456,0.5,0.043478260869565216,0.5,0.041666666666666664,0.5,0.04,0.5
doi_alpha0_beta1,252,Jrh6k2,returning,2,26,0.0,0.0,0.0,0.0,0.0,0.0,0.0,0.0,0.0,0.0,0.0,0.0,0.0,0.0,0.0,0.0,0.0,0.0,0.1,0.5,0.09090909090909091,0.5,0.08333333333333333,0.5,0.07692307692307693,0.5,0.07142857142857142,0.5,0.06666666666666667,0.5,0.0625,0.5,0.058823529411764705,0.5,0.05555555555555555,0.5,0.05263157894736842,0.5,0.05,0.5,0.047619047619047616,0.5,0.045454545454545456,0.5,0.043478260869565216,0.5,0.041666666666666664,0.5,0.04,0.5
doi_alpha1_beta0,253,Leonard Vertighel,firstTime,4,26,0.0,0.0,0.0,0.0,0.3333333333333333,0.25,0.25,0.25,0.2,0.25,0.3333333333333333,0.5,0.42857142857142855,0.75,0.375,0.75,0.3333333333333333,0.75,0.3,0.75,0.2727272727272727,0.75,0.25,0.75,0.23076923076923078,0.75,0.21428571428571427,0.75,0.2,0.75,0.1875,0.75,0.17647058823529413,0.75,0.16666666666666666,0.75,0.15789473684210525,0.75,0.15,0.75,0.14285714285714285,0.75,0.13636363636363635,0.75,0.17391304347826086,1.0,0.16666666666666666,1.0,0.16,1.0
random,253,Leonard Vertighel,firstTime,4,26,0.0,0.0,0.0,0.0,0.0,0.0,0.0,0.0,0.0,0.0,0.0,0.0,0.14285714285714285,0.25,0.125,0.25,0.1111111111111111,0.25,0.2,0.5,0.18181818181818182,0.5,0.16666666666666666,0.5,0.15384615384615385,0.5,0.14285714285714285,0.5,0.13333333333333333,0.5,0.125,0.5,0.11764705882352941,0.5,0.16666666666666666,0.75,0.21052631578947367,1.0,0.2,1.0,0.19047619047619047,1.0,0.18181818181818182,1.0,0.17391304347826086,1.0,0.16666666666666666,1.0,0.16,1.0
doi_alpha1_beta0,255,MDCollins,firstTime,27,1
random,255,MDCollins,firstTime,27,1
doi_alpha1_beta0,257,Everyguy,firstTime,3,23,0.0,0.0,0.0,0.0,0.0,0.0,0.0,0.0,0.0,0.0,0.0,0.0,0.0,0.0,0.0,0.0,0.0,0.0,0.0,0.0,0.0,0.0,0.0,0.0,0.0,0.0,0.0,0.0,0.0,0.0,0.0,0.0,0.0,0.0,0.0,0.0,0.0,0.0,0.0,0.0,0.0,0.0,0.0,0.0
random,257,Everyguy,firstTime,3,23,0.0,0.0,0.0,0.0,0.0,0.0,0.0,0.0,0.0,0.0,0.0,0.0,0.0,0.0,0.0,0.0,0.0,0.0,0.0,0.0,0.0,0.0,0.0,0.0,0.0,0.0,0.0,0.0,0.0,0.0,0.0,0.0,0.0,0.0,0.0,0.0,0.0,0.0,0.0,0.0,0.0,0.0,0.0,0.0
doi_alpha1_beta0,279,Mzmadmike,firstTime,3,26,0.0,0.0,0.0,0.0,0.0,0.0,0.0,0.0,0.0,0.0,0.0,0.0,0.0,0.0,0.0,0.0,0.0,0.0,0.0,0.0,0.0,0.0,0.0,0.0,0.07692307692307693,0.3333333333333333,0.07142857142857142,0.3333333333333333,0.06666666666666667,0.3333333333333333,0.0625,0.3333333333333333,0.11764705882352941,0.6666666666666666,0.1111111111111111,0.6666666666666666,0.10526315789473684,0.6666666666666666,0.1,0.6666666666666666,0.09523809523809523,0.6666666666666666,0.09090909090909091,0.6666666666666666,0.08695652173913043,0.6666666666666666,0.08333333333333333,0.6666666666666666,0.08,0.6666666666666666
random,279,Mzmadmike,firstTime,3,26,1.0,0.3333333333333333,0.5,0.3333333333333333,0.6666666666666666,0.6666666666666666,0.5,0.6666666666666666,0.4,0.6666666666666666,0.3333333333333333,0.6666666666666666,0.2857142857142857,0.6666666666666666,0.25,0.6666666666666666,0.2222222222222222,0.6666666666666666,0.3,1.0,0.2727272727272727,1.0,0.25,1.0,0.23076923076923078,1.0,0.21428571428571427,1.0,0.2,1.0,0.1875,1.0,0.17647058823529413,1.0,0.16666666666666666,1.0,0.15789473684210525,1.0,0.15,1.0,0.14285714285714285,1.0,0.13636363636363635,1.0,0.13043478260869565,1.0,0.125,1.0,0.12,1.0
doi_alpha1_beta0,280,DanSindel,firstTime,3,23,0.0,0.0,0.0,0.0,0.0,0.0,0.0,0.0,0.0,0.0,0.0,0.0,0.0,0.0,0.0,0.0,0.0,0.0,0.0,0.0,0.0,0.0,0.0,0.0,0.0,0.0,0.0,0.0,0.0,0.0,0.0,0.0,0.0,0.0,0.0,0.0,0.0,0.0,0.0,0.0,0.0,0.0,0.0,0.0
random,280,DanSindel,firstTime,3,23,0.0,0.0,0.0,0.0,0.0,0.0,0.0,0.0,0.0,0.0,0.0,0.0,0.0,0.0,0.0,0.0,0.0,0.0,0.0,0.0,0.0,0.0,0.0,0.0,0.0,0.0,0.0,0.0,0.0,0.0,0.0,0.0,0.0,0.0,0.0,0.0,0.0,0.0,0.0,0.0,0.0,0.0,0.0,0.0
doi_alpha1_beta0,281,LordAnubisBOT,firstTime,1,26,1.0,1.0,0.5,1.0,0.3333333333333333,1.0,0.25,1.0,0.2,1.0,0.16666666666666666,1.0,0.14285714285714285,1.0,0.125,1.0,0.1111111111111111,1.0,0.1,1.0,0.09090909090909091,1.0,0.08333333333333333,1.0,0.07692307692307693,1.0,0.07142857142857142,1.0,0.06666666666666667,1.0,0.0625,1.0,0.058823529411764705,1.0,0.05555555555555555,1.0,0.05263157894736842,1.0,0.05,1.0,0.047619047619047616,1.0,0.045454545454545456,1.0,0.043478260869565216,1.0,0.041666666666666664,1.0,0.04,1.0
random,281,LordAnubisBOT,firstTime,1,26,0.0,0.0,0.0,0.0,0.0,0.0,0.0,0.0,0.0,0.0,0.0,0.0,0.0,0.0,0.0,0.0,0.0,0.0,0.0,0.0,0.0,0.0,0.0,0.0,0.0,0.0,0.0,0.0,0.0,0.0,0.0,0.0,0.0,0.0,0.0,0.0,0.0,0.0,0.0,0.0,0.047619047619047616,1.0,0.045454545454545456,1.0,0.043478260869565216,1.0,0.041666666666666664,1.0,0.04,1.0
doi_alpha1_beta0,282,Maralia,firstTime,1,26,1.0,1.0,0.5,1.0,0.3333333333333333,1.0,0.25,1.0,0.2,1.0,0.16666666666666666,1.0,0.14285714285714285,1.0,0.125,1.0,0.1111111111111111,1.0,0.1,1.0,0.09090909090909091,1.0,0.08333333333333333,1.0,0.07692307692307693,1.0,0.07142857142857142,1.0,0.06666666666666667,1.0,0.0625,1.0,0.058823529411764705,1.0,0.05555555555555555,1.0,0.05263157894736842,1.0,0.05,1.0,0.047619047619047616,1.0,0.045454545454545456,1.0,0.043478260869565216,1.0,0.041666666666666664,1.0,0.04,1.0
random,282,Maralia,firstTime,1,26,0.0,0.0,0.0,0.0,0.0,0.0,0.0,0.0,0.0,0.0,0.16666666666666666,1.0,0.14285714285714285,1.0,0.125,1.0,0.1111111111111111,1.0,0.1,1.0,0.09090909090909091,1.0,0.08333333333333333,1.0,0.07692307692307693,1.0,0.07142857142857142,1.0,0.06666666666666667,1.0,0.0625,1.0,0.058823529411764705,1.0,0.05555555555555555,1.0,0.05263157894736842,1.0,0.05,1.0,0.047619047619047616,1.0,0.045454545454545456,1.0,0.043478260869565216,1.0,0.041666666666666664,1.0,0.04,1.0
doi_alpha1_beta0,283,Corvus coronoides,firstTime,14,26,1.0,0.07142857142857142,0.5,0.07142857142857142,0.3333333333333333,0.07142857142857142,0.5,0.14285714285714285,0.4,0.14285714285714285,0.3333333333333333,0.14285714285714285,0.2857142857142857,0.14285714285714285,0.25,0.14285714285714285,0.2222222222222222,0.14285714285714285,0.2,0.14285714285714285,0.18181818181818182,0.14285714285714285,0.25,0.21428571428571427,0.3076923076923077,0.2857142857142857,0.2857142857142857,0.2857142857142857,0.26666666666666666,0.2857142857142857,0.25,0.2857142857142857,0.23529411764705882,0.2857142857142857,0.2222222222222222,0.2857142857142857,0.21052631578947367,0.2857142857142857,0.2,0.2857142857142857,0.19047619047619047,0.2857142857142857,0.18181818181818182,0.2857142857142857,0.21739130434782608,0.35714285714285715,0.25,0.42857142857142855,0.28,0.5
random,283,Corvus coronoides,firstTime,14,26,0.0,0.0,0.0,0.0,0.0,0.0,0.0,0.0,0.2,0.07142857142857142,0.3333333333333333,0.14285714285714285,0.2857142857142857,0.14285714285714285,0.375,0.21428571428571427,0.3333333333333333,0.21428571428571427,0.4,0.2857142857142857,0.36363636363636365,0.2857142857142857,0.3333333333333333,0.2857142857142857,0.3076923076923077,0.2857142857142857,0.2857142857142857,0.2857142857142857,0.26666666666666666,0.2857142857142857,0.25,0.2857142857142857,0.23529411764705882,0.2857142857142857,0.2222222222222222,0.2857142857142857,0.21052631578947367,0.2857142857142857,0.2,0.2857142857142857,0.23809523809523808,0.35714285714285715,0.22727272727272727,0.35714285714285715,0.21739130434782608,0.35714285714285715,0.25,0.42857142857142855,0.28,0.5
doi_alpha1_beta0,293,Tribuletto,firstTime,1,25,0.0,0.0,0.0,0.0,0.0,0.0,0.0,0.0,0.0,0.0,0.0,0.0,0.0,0.0,0.0,0.0,0.0,0.0,0.0,0.0,0.0,0.0,0.0,0.0,0.0,0.0,0.0,0.0,0.0,0.0,0.0,0.0,0.0,0.0,0.0,0.0,0.0,0.0,0.0,0.0,0.0,0.0,0.0,0.0,0.0,0.0,0.0,0.0
random,293,Tribuletto,firstTime,1,25,0.0,0.0,0.0,0.0,0.0,0.0,0.0,0.0,0.0,0.0,0.0,0.0,0.0,0.0,0.0,0.0,0.0,0.0,0.0,0.0,0.0,0.0,0.0,0.0,0.0,0.0,0.0,0.0,0.0,0.0,0.0,0.0,0.0,0.0,0.0,0.0,0.0,0.0,0.0,0.0,0.0,0.0,0.0,0.0,0.0,0.0,0.0,0.0
doi_alpha1_beta0,295,Deadbloomers,firstTime,4,26,0.0,0.0,0.0,0.0,0.0,0.0,0.0,0.0,0.0,0.0,0.0,0.0,0.0,0.0,0.0,0.0,0.0,0.0,0.0,0.0,0.0,0.0,0.0,0.0,0.0,0.0,0.0,0.0,0.0,0.0,0.0,0.0,0.0,0.0,0.0,0.0,0.0,0.0,0.0,0.0,0.0,0.0,0.045454545454545456,0.25,0.043478260869565216,0.25,0.041666666666666664,0.25,0.04,0.25
random,295,Deadbloomers,firstTime,4,26,0.0,0.0,0.0,0.0,0.0,0.0,0.0,0.0,0.0,0.0,0.0,0.0,0.0,0.0,0.0,0.0,0.0,0.0,0.0,0.0,0.0,0.0,0.0,0.0,0.0,0.0,0.0,0.0,0.0,0.0,0.0,0.0,0.0,0.0,0.0,0.0,0.0,0.0,0.0,0.0,0.0,0.0,0.0,0.0,0.043478260869565216,0.25,0.041666666666666664,0.25,0.04,0.25
doi_alpha1_beta0,307,Eosmann,returning,1,27,0.0,0.0,0.0,0.0,0.0,0.0,0.0,0.0,0.0,0.0,0.0,0.0,0.14285714285714285,1.0,0.125,1.0,0.1111111111111111,1.0,0.1,1.0,0.09090909090909091,1.0,0.08333333333333333,1.0,0.07692307692307693,1.0,0.07142857142857142,1.0,0.06666666666666667,1.0,0.0625,1.0,0.058823529411764705,1.0,0.05555555555555555,1.0,0.05263157894736842,1.0,0.05,1.0,0.047619047619047616,1.0,0.045454545454545456,1.0,0.043478260869565216,1.0,0.041666666666666664,1.0,0.04,1.0,0.038461538461538464,1.0
random,307,Eosmann,returning,1,27,0.0,0.0,0.0,0.0,0.0,0.0,0.0,0.0,0.2,1.0,0.16666666666666666,1.0,0.14285714285714285,1.0,0.125,1.0,0.1111111111111111,1.0,0.1,1.0,0.09090909090909091,1.0,0.08333333333333333,1.0,0.07692307692307693,1.0,0.07142857142857142,1.0,0.06666666666666667,1.0,0.0625,1.0,0.058823529411764705,1.0,0.05555555555555555,1.0,0.05263157894736842,1.0,0.05,1.0,0.047619047619047616,1.0,0.045454545454545456,1.0,0.043478260869565216,1.0,0.041666666666666664,1.0,0.04,1.0,0.038461538461538464,1.0
doi_alpha03_beta07,307,Eosmann,returning,1,27,0.0,0.0,0.0,0.0,0.0,0.0,0.0,0.0,0.0,0.0,0.0,0.0,0.14285714285714285,1.0,0.125,1.0,0.1111111111111111,1.0,0.1,1.0,0.09090909090909091,1.0,0.08333333333333333,1.0,0.07692307692307693,1.0,0.07142857142857142,1.0,0.06666666666666667,1.0,0.0625,1.0,0.058823529411764705,1.0,0.05555555555555555,1.0,0.05263157894736842,1.0,0.05,1.0,0.047619047619047616,1.0,0.045454545454545456,1.0,0.043478260869565216,1.0,0.041666666666666664,1.0,0.04,1.0,0.038461538461538464,1.0
doi_alpha0_beta1,307,Eosmann,returning,1,27,0.0,0.0,0.0,0.0,0.0,0.0,0.0,0.0,0.0,0.0,0.0,0.0,0.0,0.0,0.0,0.0,0.0,0.0,0.0,0.0,0.0,0.0,0.0,0.0,0.0,0.0,0.0,0.0,0.0,0.0,0.0625,1.0,0.058823529411764705,1.0,0.05555555555555555,1.0,0.05263157894736842,1.0,0.05,1.0,0.047619047619047616,1.0,0.045454545454545456,1.0,0.043478260869565216,1.0,0.041666666666666664,1.0,0.04,1.0,0.038461538461538464,1.0
doi_alpha1_beta0,310,EverybodyLovesPie,firstTime,1,27,1.0,1.0,0.5,1.0,0.3333333333333333,1.0,0.25,1.0,0.2,1.0,0.16666666666666666,1.0,0.14285714285714285,1.0,0.125,1.0,0.1111111111111111,1.0,0.1,1.0,0.09090909090909091,1.0,0.08333333333333333,1.0,0.07692307692307693,1.0,0.07142857142857142,1.0,0.06666666666666667,1.0,0.0625,1.0,0.058823529411764705,1.0,0.05555555555555555,1.0,0.05263157894736842,1.0,0.05,1.0,0.047619047619047616,1.0,0.045454545454545456,1.0,0.043478260869565216,1.0,0.041666666666666664,1.0,0.04,1.0,0.038461538461538464,1.0
random,310,EverybodyLovesPie,firstTime,1,27,0.0,0.0,0.0,0.0,0.0,0.0,0.0,0.0,0.0,0.0,0.0,0.0,0.0,0.0,0.0,0.0,0.0,0.0,0.0,0.0,0.0,0.0,0.08333333333333333,1.0,0.07692307692307693,1.0,0.07142857142857142,1.0,0.06666666666666667,1.0,0.0625,1.0,0.058823529411764705,1.0,0.05555555555555555,1.0,0.05263157894736842,1.0,0.05,1.0,0.047619047619047616,1.0,0.045454545454545456,1.0,0.043478260869565216,1.0,0.041666666666666664,1.0,0.04,1.0,0.038461538461538464,1.0
doi_alpha1_beta0,311,Irishguy,firstTime,1,27,0.0,0.0,0.0,0.0,0.0,0.0,0.0,0.0,0.0,0.0,0.0,0.0,0.0,0.0,0.0,0.0,0.0,0.0,0.0,0.0,0.09090909090909091,1.0,0.08333333333333333,1.0,0.07692307692307693,1.0,0.07142857142857142,1.0,0.06666666666666667,1.0,0.0625,1.0,0.058823529411764705,1.0,0.05555555555555555,1.0,0.05263157894736842,1.0,0.05,1.0,0.047619047619047616,1.0,0.045454545454545456,1.0,0.043478260869565216,1.0,0.041666666666666664,1.0,0.04,1.0,0.038461538461538464,1.0
random,311,Irishguy,firstTime,1,27,0.0,0.0,0.0,0.0,0.0,0.0,0.0,0.0,0.0,0.0,0.0,0.0,0.0,0.0,0.0,0.0,0.0,0.0,0.0,0.0,0.0,0.0,0.0,0.0,0.0,0.0,0.0,0.0,0.0,0.0,0.0,0.0,0.0,0.0,0.0,0.0,0.0,0.0,0.0,0.0,0.0,0.0,0.0,0.0,0.0,0.0,0.0,0.0,0.0,0.0,0.0,0.0
doi_alpha1_beta0,313,Jashiin,returning,14,26,1.0,0.07142857142857142,0.5,0.07142857142857142,0.6666666666666666,0.14285714285714285,0.5,0.14285714285714285,0.4,0.14285714285714285,0.5,0.21428571428571427,0.5714285714285714,0.2857142857142857,0.5,0.2857142857142857,0.4444444444444444,0.2857142857142857,0.4,0.2857142857142857,0.36363636363636365,0.2857142857142857,0.3333333333333333,0.2857142857142857,0.3076923076923077,0.2857142857142857,0.2857142857142857,0.2857142857142857,0.26666666666666666,0.2857142857142857,0.25,0.2857142857142857,0.29411764705882354,0.35714285714285715,0.3333333333333333,0.42857142857142855,0.3157894736842105,0.42857142857142855,0.3,0.42857142857142855,0.2857142857142857,0.42857142857142855,0.2727272727272727,0.42857142857142855,0.2608695652173913,0.42857142857142855,0.25,0.42857142857142855,0.24,0.42857142857142855
random,313,Jashiin,returning,14,26,0.0,0.0,0.0,0.0,0.0,0.0,0.0,0.0,0.0,0.0,0.0,0.0,0.14285714285714285,0.07142857142857142,0.125,0.07142857142857142,0.1111111111111111,0.07142857142857142,0.1,0.07142857142857142,0.09090909090909091,0.07142857142857142,0.08333333333333333,0.07142857142857142,0.15384615384615385,0.14285714285714285,0.14285714285714285,0.14285714285714285,0.13333333333333333,0.14285714285714285,0.1875,0.21428571428571427,0.17647058823529413,0.21428571428571427,0.2222222222222222,0.2857142857142857,0.21052631578947367,0.2857142857142857,0.2,0.2857142857142857,0.19047619047619047,0.2857142857142857,0.18181818181818182,0.2857142857142857,0.17391304347826086,0.2857142857142857,0.20833333333333334,0.35714285714285715,0.2,0.35714285714285715
doi_alpha03_beta07,313,Jashiin,returning,14,26,1.0,0.07142857142857142,0.5,0.07142857142857142,0.6666666666666666,0.14285714285714285,0.5,0.14285714285714285,0.4,0.14285714285714285,0.5,0.21428571428571427,0.5714285714285714,0.2857142857142857,0.5,0.2857142857142857,0.4444444444444444,0.2857142857142857,0.4,0.2857142857142857,0.36363636363636365,0.2857142857142857,0.3333333333333333,0.2857142857142857,0.3076923076923077,0.2857142857142857,0.2857142857142857,0.2857142857142857,0.26666666666666666,0.2857142857142857,0.25,0.2857142857142857,0.29411764705882354,0.35714285714285715,0.3333333333333333,0.42857142857142855,0.3157894736842105,0.42857142857142855,0.3,0.42857142857142855,0.2857142857142857,0.42857142857142855,0.2727272727272727,0.42857142857142855,0.2608695652173913,0.42857142857142855,0.25,0.42857142857142855,0.24,0.42857142857142855
doi_alpha0_beta1,313,Jashiin,returning,14,26,0.0,0.0,0.0,0.0,0.0,0.0,0.0,0.0,0.0,0.0,0.0,0.0,0.0,0.0,0.0,0.0,0.0,0.0,0.0,0.0,0.0,0.0,0.0,0.0,0.0,0.0,0.0,0.0,0.06666666666666667,0.07142857142857142,0.125,0.14285714285714285,0.17647058823529413,0.21428571428571427,0.2222222222222222,0.2857142857142857,0.2631578947368421,0.35714285714285715,0.3,0.42857142857142855,0.2857142857142857,0.42857142857142855,0.2727272727272727,0.42857142857142855,0.2608695652173913,0.42857142857142855,0.25,0.42857142857142855,0.24,0.42857142857142855
doi_alpha1_beta0,318,Oliver Crow,firstTime,1,28,0.0,0.0,0.0,0.0,0.0,0.0,0.0,0.0,0.0,0.0,0.0,0.0,0.0,0.0,0.0,0.0,0.0,0.0,0.0,0.0,0.0,0.0,0.0,0.0,0.0,0.0,0.0,0.0,0.0,0.0,0.0,0.0,0.0,0.0,0.0,0.0,0.0,0.0,0.0,0.0,0.0,0.0,0.0,0.0,0.0,0.0,0.0,0.0,0.0,0.0,0.0,0.0,0.037037037037037035,1.0
random,318,Oliver Crow,firstTime,1,28,0.0,0.0,0.0,0.0,0.0,0.0,0.0,0.0,0.0,0.0,0.0,0.0,0.0,0.0,0.0,0.0,0.0,0.0,0.0,0.0,0.0,0.0,0.0,0.0,0.0,0.0,0.07142857142857142,1.0,0.06666666666666667,1.0,0.0625,1.0,0.058823529411764705,1.0,0.05555555555555555,1.0,0.05263157894736842,1.0,0.05,1.0,0.047619047619047616,1.0,0.045454545454545456,1.0,0.043478260869565216,1.0,0.041666666666666664,1.0,0.04,1.0,0.038461538461538464,1.0,0.037037037037037035,1.0
doi_alpha1_beta0,319,Jashiin,returning,7,27,0.0,0.0,0.0,0.0,0.0,0.0,0.0,0.0,0.2,0.14285714285714285,0.16666666666666666,0.14285714285714285,0.14285714285714285,0.14285714285714285,0.125,0.14285714285714285,0.1111111111111111,0.14285714285714285,0.1,0.14285714285714285,0.18181818181818182,0.2857142857142857,0.16666666666666666,0.2857142857142857,0.15384615384615385,0.2857142857142857,0.14285714285714285,0.2857142857142857,0.13333333333333333,0.2857142857142857,0.125,0.2857142857142857,0.11764705882352941,0.2857142857142857,0.1111111111111111,0.2857142857142857,0.10526315789473684,0.2857142857142857,0.1,0.2857142857142857,0.09523809523809523,0.2857142857142857,0.09090909090909091,0.2857142857142857,0.08695652173913043,0.2857142857142857,0.125,0.42857142857142855,0.12,0.42857142857142855,0.11538461538461539,0.42857142857142855
random,319,Jashiin,returning,7,27,0.0,0.0,0.0,0.0,0.0,0.0,0.0,0.0,0.0,0.0,0.0,0.0,0.0,0.0,0.0,0.0,0.0,0.0,0.0,0.0,0.0,0.0,0.0,0.0,0.0,0.0,0.0,0.0,0.0,0.0,0.0,0.0,0.0,0.0,0.0,0.0,0.0,0.0,0.0,0.0,0.0,0.0,0.0,0.0,0.043478260869565216,0.14285714285714285,0.041666666666666664,0.14285714285714285,0.08,0.2857142857142857,0.07692307692307693,0.2857142857142857
doi_alpha03_beta07,319,Jashiin,returning,7,27,0.0,0.0,0.0,0.0,0.0,0.0,0.0,0.0,0.2,0.14285714285714285,0.16666666666666666,0.14285714285714285,0.14285714285714285,0.14285714285714285,0.125,0.14285714285714285,0.1111111111111111,0.14285714285714285,0.1,0.14285714285714285,0.18181818181818182,0.2857142857142857,0.16666666666666666,0.2857142857142857,0.15384615384615385,0.2857142857142857,0.14285714285714285,0.2857142857142857,0.13333333333333333,0.2857142857142857,0.125,0.2857142857142857,0.11764705882352941,0.2857142857142857,0.1111111111111111,0.2857142857142857,0.10526315789473684,0.2857142857142857,0.1,0.2857142857142857,0.09523809523809523,0.2857142857142857,0.09090909090909091,0.2857142857142857,0.08695652173913043,0.2857142857142857,0.125,0.42857142857142855,0.12,0.42857142857142855,0.11538461538461539,0.42857142857142855
doi_alpha0_beta1,319,Jashiin,returning,7,27,0.0,0.0,0.0,0.0,0.0,0.0,0.0,0.0,0.0,0.0,0.0,0.0,0.0,0.0,0.125,0.14285714285714285,0.1111111111111111,0.14285714285714285,0.1,0.14285714285714285,0.09090909090909091,0.14285714285714285,0.08333333333333333,0.14285714285714285,0.07692307692307693,0.14285714285714285,0.07142857142857142,0.14285714285714285,0.06666666666666667,0.14285714285714285,0.0625,0.14285714285714285,0.058823529411764705,0.14285714285714285,0.1111111111111111,0.2857142857142857,0.15789473684210525,0.42857142857142855,0.15,0.42857142857142855,0.14285714285714285,0.42857142857142855,0.13636363636363635,0.42857142857142855,0.13043478260869565,0.42857142857142855,0.125,0.42857142857142855,0.12,0.42857142857142855,0.11538461538461539,0.42857142857142855
doi_alpha1_beta0,331,ClueBot,returning,6,28,0.0,0.0,0.0,0.0,0.0,0.0,0.0,0.0,0.2,0.16666666666666666,0.3333333333333333,0.3333333333333333,0.42857142857142855,0.5,0.375,0.5,0.3333333333333333,0.5,0.3,0.5,0.2727272727272727,0.5,0.25,0.5,0.3076923076923077,0.6666666666666666,0.35714285714285715,0.8333333333333334,0.3333333333333333,0.8333333333333334,0.3125,0.8333333333333334,0.29411764705882354,0.8333333333333334,0.3333333333333333,1.0,0.3157894736842105,1.0,0.3,1.0,0.2857142857142857,1.0,0.2727272727272727,1.0,0.2608695652173913,1.0,0.25,1.0,0.24,1.0,0.23076923076923078,1.0,0.2222222222222222,1.0
random,331,ClueBot,returning,6,28,0.0,0.0,0.5,0.16666666666666666,0.3333333333333333,0.16666666666666666,0.5,0.3333333333333333,0.4,0.3333333333333333,0.3333333333333333,0.3333333333333333,0.2857142857142857,0.3333333333333333,0.25,0.3333333333333333,0.2222222222222222,0.3333333333333333,0.2,0.3333333333333333,0.18181818181818182,0.3333333333333333,0.16666666666666666,0.3333333333333333,0.23076923076923078,0.5,0.21428571428571427,0.5,0.2,0.5,0.25,0.6666666666666666,0.23529411764705882,0.6666666666666666,0.2222222222222222,0.6666666666666666,0.2631578947368421,0.8333333333333334,0.25,0.8333333333333334,0.2857142857142857,1.0,0.2727272727272727,1.0,0.2608695652173913,1.0,0.25,1.0,0.24,1.0,0.23076923076923078,1.0,0.2222222222222222,1.0
doi_alpha03_beta07,331,ClueBot,returning,6,28,0.0,0.0,0.0,0.0,0.0,0.0,0.0,0.0,0.2,0.16666666666666666,0.3333333333333333,0.3333333333333333,0.42857142857142855,0.5,0.375,0.5,0.3333333333333333,0.5,0.3,0.5,0.2727272727272727,0.5,0.25,0.5,0.3076923076923077,0.6666666666666666,0.35714285714285715,0.8333333333333334,0.3333333333333333,0.8333333333333334,0.3125,0.8333333333333334,0.29411764705882354,0.8333333333333334,0.3333333333333333,1.0,0.3157894736842105,1.0,0.3,1.0,0.2857142857142857,1.0,0.2727272727272727,1.0,0.2608695652173913,1.0,0.25,1.0,0.24,1.0,0.23076923076923078,1.0,0.2222222222222222,1.0
doi_alpha0_beta1,331,ClueBot,returning,6,28,0.0,0.0,0.0,0.0,0.0,0.0,0.0,0.0,0.0,0.0,0.0,0.0,0.0,0.0,0.0,0.0,0.0,0.0,0.0,0.0,0.0,0.0,0.08333333333333333,0.16666666666666666,0.15384615384615385,0.3333333333333333,0.14285714285714285,0.3333333333333333,0.2,0.5,0.25,0.6666666666666666,0.29411764705882354,0.8333333333333334,0.3333333333333333,1.0,0.3157894736842105,1.0,0.3,1.0,0.2857142857142857,1.0,0.2727272727272727,1.0,0.2608695652173913,1.0,0.25,1.0,0.24,1.0,0.23076923076923078,1.0,0.2222222222222222,1.0
doi_alpha1_beta0,336,Tiptoety,firstTime,1,28,0.0,0.0,0.0,0.0,0.0,0.0,0.0,0.0,0.0,0.0,0.0,0.0,0.0,0.0,0.0,0.0,0.0,0.0,0.0,0.0,0.0,0.0,0.0,0.0,0.0,0.0,0.0,0.0,0.0,0.0,0.0,0.0,0.0,0.0,0.0,0.0,0.0,0.0,0.0,0.0,0.0,0.0,0.0,0.0,0.0,0.0,0.0,0.0,0.0,0.0,0.0,0.0,0.0,0.0
random,336,Tiptoety,firstTime,1,28,0.0,0.0,0.0,0.0,0.0,0.0,0.0,0.0,0.0,0.0,0.0,0.0,0.0,0.0,0.0,0.0,0.0,0.0,0.0,0.0,0.0,0.0,0.0,0.0,0.0,0.0,0.0,0.0,0.0,0.0,0.0,0.0,0.0,0.0,0.0,0.0,0.0,0.0,0.0,0.0,0.0,0.0,0.0,0.0,0.0,0.0,0.0,0.0,0.0,0.0,0.0,0.0,0.0,0.0
doi_alpha1_beta0,339,Tribuletto,returning,1,28,0.0,0.0,0.0,0.0,0.0,0.0,0.0,0.0,0.0,0.0,0.0,0.0,0.0,0.0,0.0,0.0,0.0,0.0,0.0,0.0,0.0,0.0,0.0,0.0,0.0,0.0,0.0,0.0,0.0,0.0,0.0,0.0,0.0,0.0,0.0,0.0,0.0,0.0,0.0,0.0,0.0,0.0,0.0,0.0,0.0,0.0,0.0,0.0,0.0,0.0,0.0,0.0,0.0,0.0
random,339,Tribuletto,returning,1,28,0.0,0.0,0.0,0.0,0.0,0.0,0.0,0.0,0.0,0.0,0.0,0.0,0.0,0.0,0.0,0.0,0.0,0.0,0.0,0.0,0.0,0.0,0.0,0.0,0.0,0.0,0.0,0.0,0.0,0.0,0.0,0.0,0.0,0.0,0.0,0.0,0.0,0.0,0.0,0.0,0.0,0.0,0.0,0.0,0.0,0.0,0.0,0.0,0.0,0.0,0.0,0.0,0.0,0.0
doi_alpha03_beta07,339,Tribuletto,returning,1,28,0.0,0.0,0.0,0.0,0.0,0.0,0.0,0.0,0.0,0.0,0.0,0.0,0.0,0.0,0.0,0.0,0.0,0.0,0.0,0.0,0.0,0.0,0.0,0.0,0.0,0.0,0.0,0.0,0.0,0.0,0.0,0.0,0.0,0.0,0.0,0.0,0.0,0.0,0.0,0.0,0.0,0.0,0.0,0.0,0.0,0.0,0.0,0.0,0.0,0.0,0.0,0.0,0.0,0.0
doi_alpha0_beta1,339,Tribuletto,returning,1,28,0.0,0.0,0.0,0.0,0.0,0.0,0.0,0.0,0.0,0.0,0.0,0.0,0.0,0.0,0.0,0.0,0.0,0.0,0.0,0.0,0.0,0.0,0.0,0.0,0.0,0.0,0.0,0.0,0.0,0.0,0.0,0.0,0.0,0.0,0.0,0.0,0.0,0.0,0.0,0.0,0.0,0.0,0.0,0.0,0.0,0.0,0.0,0.0,0.0,0.0,0.0,0.0,0.0,0.0
doi_alpha1_beta0,340,JzG,firstTime,1,29,0.0,0.0,0.0,0.0,0.0,0.0,0.0,0.0,0.0,0.0,0.0,0.0,0.0,0.0,0.0,0.0,0.0,0.0,0.0,0.0,0.0,0.0,0.0,0.0,0.0,0.0,0.0,0.0,0.0,0.0,0.0,0.0,0.0,0.0,0.0,0.0,0.0,0.0,0.0,0.0,0.0,0.0,0.0,0.0,0.043478260869565216,1.0,0.041666666666666664,1.0,0.04,1.0,0.038461538461538464,1.0,0.037037037037037035,1.0,0.03571428571428571,1.0
random,340,JzG,firstTime,1,29,0.0,0.0,0.0,0.0,0.0,0.0,0.0,0.0,0.0,0.0,0.0,0.0,0.0,0.0,0.0,0.0,0.1111111111111111,1.0,0.1,1.0,0.09090909090909091,1.0,0.08333333333333333,1.0,0.07692307692307693,1.0,0.07142857142857142,1.0,0.06666666666666667,1.0,0.0625,1.0,0.058823529411764705,1.0,0.05555555555555555,1.0,0.05263157894736842,1.0,0.05,1.0,0.047619047619047616,1.0,0.045454545454545456,1.0,0.043478260869565216,1.0,0.041666666666666664,1.0,0.04,1.0,0.038461538461538464,1.0,0.037037037037037035,1.0,0.03571428571428571,1.0
doi_alpha1_beta0,352,XLinkBot,firstTime,1,29,0.0,0.0,0.0,0.0,0.0,0.0,0.0,0.0,0.0,0.0,0.0,0.0,0.0,0.0,0.0,0.0,0.0,0.0,0.0,0.0,0.0,0.0,0.0,0.0,0.0,0.0,0.0,0.0,0.0,0.0,0.0,0.0,0.0,0.0,0.0,0.0,0.0,0.0,0.0,0.0,0.0,0.0,0.0,0.0,0.0,0.0,0.0,0.0,0.04,1.0,0.038461538461538464,1.0,0.037037037037037035,1.0,0.03571428571428571,1.0
random,352,XLinkBot,firstTime,1,29,1.0,1.0,0.5,1.0,0.3333333333333333,1.0,0.25,1.0,0.2,1.0,0.16666666666666666,1.0,0.14285714285714285,1.0,0.125,1.0,0.1111111111111111,1.0,0.1,1.0,0.09090909090909091,1.0,0.08333333333333333,1.0,0.07692307692307693,1.0,0.07142857142857142,1.0,0.06666666666666667,1.0,0.0625,1.0,0.058823529411764705,1.0,0.05555555555555555,1.0,0.05263157894736842,1.0,0.05,1.0,0.047619047619047616,1.0,0.045454545454545456,1.0,0.043478260869565216,1.0,0.041666666666666664,1.0,0.04,1.0,0.038461538461538464,1.0,0.037037037037037035,1.0,0.03571428571428571,1.0
doi_alpha1_beta0,363,Graham87,firstTime,1,28,0.0,0.0,0.0,0.0,0.0,0.0,0.0,0.0,0.0,0.0,0.0,0.0,0.0,0.0,0.0,0.0,0.0,0.0,0.0,0.0,0.0,0.0,0.0,0.0,0.0,0.0,0.0,0.0,0.0,0.0,0.0,0.0,0.0,0.0,0.0,0.0,0.0,0.0,0.0,0.0,0.0,0.0,0.0,0.0,0.0,0.0,0.0,0.0,0.0,0.0,0.0,0.0,0.0,0.0
random,363,Graham87,firstTime,1,28,0.0,0.0,0.0,0.0,0.0,0.0,0.0,0.0,0.0,0.0,0.0,0.0,0.0,0.0,0.0,0.0,0.0,0.0,0.0,0.0,0.0,0.0,0.0,0.0,0.0,0.0,0.0,0.0,0.0,0.0,0.0,0.0,0.0,0.0,0.0,0.0,0.0,0.0,0.0,0.0,0.0,0.0,0.0,0.0,0.0,0.0,0.0,0.0,0.0,0.0,0.0,0.0,0.0,0.0
doi_alpha1_beta0,369,Jashiin,returning,6,23,0.0,0.0,0.0,0.0,0.3333333333333333,0.16666666666666666,0.25,0.16666666666666666,0.2,0.16666666666666666,0.16666666666666666,0.16666666666666666,0.14285714285714285,0.16666666666666666,0.125,0.16666666666666666,0.1111111111111111,0.16666666666666666,0.1,0.16666666666666666,0.09090909090909091,0.16666666666666666,0.08333333333333333,0.16666666666666666,0.07692307692307693,0.16666666666666666,0.07142857142857142,0.16666666666666666,0.06666666666666667,0.16666666666666666,0.0625,0.16666666666666666,0.058823529411764705,0.16666666666666666,0.05555555555555555,0.16666666666666666,0.05263157894736842,0.16666666666666666,0.05,0.16666666666666666,0.047619047619047616,0.16666666666666666,0.045454545454545456,0.16666666666666666
random,369,Jashiin,returning,6,23,0.0,0.0,0.0,0.0,0.0,0.0,0.0,0.0,0.0,0.0,0.16666666666666666,0.16666666666666666,0.14285714285714285,0.16666666666666666,0.125,0.16666666666666666,0.1111111111111111,0.16666666666666666,0.1,0.16666666666666666,0.09090909090909091,0.16666666666666666,0.08333333333333333,0.16666666666666666,0.07692307692307693,0.16666666666666666,0.07142857142857142,0.16666666666666666,0.06666666666666667,0.16666666666666666,0.0625,0.16666666666666666,0.058823529411764705,0.16666666666666666,0.05555555555555555,0.16666666666666666,0.05263157894736842,0.16666666666666666,0.05,0.16666666666666666,0.047619047619047616,0.16666666666666666,0.045454545454545456,0.16666666666666666
doi_alpha03_beta07,369,Jashiin,returning,6,23,0.0,0.0,0.0,0.0,0.3333333333333333,0.16666666666666666,0.25,0.16666666666666666,0.2,0.16666666666666666,0.16666666666666666,0.16666666666666666,0.14285714285714285,0.16666666666666666,0.125,0.16666666666666666,0.1111111111111111,0.16666666666666666,0.1,0.16666666666666666,0.09090909090909091,0.16666666666666666,0.08333333333333333,0.16666666666666666,0.07692307692307693,0.16666666666666666,0.07142857142857142,0.16666666666666666,0.06666666666666667,0.16666666666666666,0.0625,0.16666666666666666,0.058823529411764705,0.16666666666666666,0.05555555555555555,0.16666666666666666,0.05263157894736842,0.16666666666666666,0.05,0.16666666666666666,0.047619047619047616,0.16666666666666666,0.045454545454545456,0.16666666666666666
doi_alpha0_beta1,369,Jashiin,returning,6,23,0.0,0.0,0.0,0.0,0.0,0.0,0.0,0.0,0.0,0.0,0.0,0.0,0.0,0.0,0.0,0.0,0.0,0.0,0.0,0.0,0.0,0.0,0.0,0.0,0.0,0.0,0.0,0.0,0.0,0.0,0.0625,0.16666666666666666,0.058823529411764705,0.16666666666666666,0.05555555555555555,0.16666666666666666,0.05263157894736842,0.16666666666666666,0.05,0.16666666666666666,0.047619047619047616,0.16666666666666666,0.045454545454545456,0.16666666666666666
doi_alpha1_beta0,389,Graham87,returning,1,27,0.0,0.0,0.0,0.0,0.0,0.0,0.0,0.0,0.0,0.0,0.0,0.0,0.0,0.0,0.0,0.0,0.0,0.0,0.0,0.0,0.0,0.0,0.0,0.0,0.0,0.0,0.0,0.0,0.0,0.0,0.0,0.0,0.0,0.0,0.0,0.0,0.0,0.0,0.0,0.0,0.0,0.0,0.0,0.0,0.0,0.0,0.0,0.0,0.0,0.0,0.0,0.0
random,389,Graham87,returning,1,27,0.0,0.0,0.0,0.0,0.0,0.0,0.0,0.0,0.0,0.0,0.0,0.0,0.0,0.0,0.0,0.0,0.0,0.0,0.0,0.0,0.0,0.0,0.0,0.0,0.0,0.0,0.0,0.0,0.0,0.0,0.0,0.0,0.0,0.0,0.0,0.0,0.0,0.0,0.0,0.0,0.0,0.0,0.0,0.0,0.0,0.0,0.0,0.0,0.0,0.0,0.0,0.0
doi_alpha03_beta07,389,Graham87,returning,1,27,0.0,0.0,0.0,0.0,0.0,0.0,0.0,0.0,0.0,0.0,0.0,0.0,0.0,0.0,0.0,0.0,0.0,0.0,0.0,0.0,0.0,0.0,0.0,0.0,0.0,0.0,0.0,0.0,0.0,0.0,0.0,0.0,0.0,0.0,0.0,0.0,0.0,0.0,0.0,0.0,0.0,0.0,0.0,0.0,0.0,0.0,0.0,0.0,0.0,0.0,0.0,0.0
doi_alpha0_beta1,389,Graham87,returning,1,27,0.0,0.0,0.0,0.0,0.0,0.0,0.0,0.0,0.0,0.0,0.0,0.0,0.0,0.0,0.0,0.0,0.0,0.0,0.0,0.0,0.0,0.0,0.0,0.0,0.0,0.0,0.0,0.0,0.0,0.0,0.0,0.0,0.0,0.0,0.0,0.0,0.0,0.0,0.0,0.0,0.0,0.0,0.0,0.0,0.0,0.0,0.0,0.0,0.0,0.0,0.0,0.0
doi_alpha1_beta0,391,TXiKiBoT,firstTime,1,28,0.0,0.0,0.0,0.0,0.0,0.0,0.0,0.0,0.0,0.0,0.0,0.0,0.0,0.0,0.0,0.0,0.0,0.0,0.0,0.0,0.0,0.0,0.0,0.0,0.0,0.0,0.0,0.0,0.0,0.0,0.0,0.0,0.0,0.0,0.0,0.0,0.0,0.0,0.0,0.0,0.0,0.0,0.0,0.0,0.0,0.0,0.0,0.0,0.0,0.0,0.0,0.0,0.0,0.0
random,391,TXiKiBoT,firstTime,1,28,0.0,0.0,0.0,0.0,0.0,0.0,0.0,0.0,0.0,0.0,0.0,0.0,0.0,0.0,0.0,0.0,0.0,0.0,0.0,0.0,0.0,0.0,0.0,0.0,0.0,0.0,0.0,0.0,0.0,0.0,0.0,0.0,0.0,0.0,0.0,0.0,0.0,0.0,0.0,0.0,0.0,0.0,0.0,0.0,0.0,0.0,0.0,0.0,0.0,0.0,0.0,0.0,0.0,0.0
doi_alpha1_beta0,408,6afraidof7,firstTime,1,30,0.0,0.0,0.0,0.0,0.0,0.0,0.0,0.0,0.0,0.0,0.0,0.0,0.0,0.0,0.0,0.0,0.0,0.0,0.0,0.0,0.0,0.0,0.0,0.0,0.0,0.0,0.0,0.0,0.0,0.0,0.0,0.0,0.0,0.0,0.0,0.0,0.0,0.0,0.0,0.0,0.0,0.0,0.0,0.0,0.0,0.0,0.041666666666666664,1.0,0.04,1.0,0.038461538461538464,1.0,0.037037037037037035,1.0,0.03571428571428571,1.0,0.034482758620689655,1.0
random,408,6afraidof7,firstTime,1,30,0.0,0.0,0.5,1.0,0.3333333333333333,1.0,0.25,1.0,0.2,1.0,0.16666666666666666,1.0,0.14285714285714285,1.0,0.125,1.0,0.1111111111111111,1.0,0.1,1.0,0.09090909090909091,1.0,0.08333333333333333,1.0,0.07692307692307693,1.0,0.07142857142857142,1.0,0.06666666666666667,1.0,0.0625,1.0,0.058823529411764705,1.0,0.05555555555555555,1.0,0.05263157894736842,1.0,0.05,1.0,0.047619047619047616,1.0,0.045454545454545456,1.0,0.043478260869565216,1.0,0.041666666666666664,1.0,0.04,1.0,0.038461538461538464,1.0,0.037037037037037035,1.0,0.03571428571428571,1.0,0.034482758620689655,1.0
doi_alpha1_beta0,411,J.delanoy,firstTime,1,29,0.0,0.0,0.0,0.0,0.0,0.0,0.0,0.0,0.0,0.0,0.0,0.0,0.0,0.0,0.0,0.0,0.0,0.0,0.0,0.0,0.0,0.0,0.0,0.0,0.0,0.0,0.0,0.0,0.0,0.0,0.0,0.0,0.0,0.0,0.0,0.0,0.0,0.0,0.0,0.0,0.0,0.0,0.0,0.0,0.0,0.0,0.0,0.0,0.0,0.0,0.0,0.0,0.0,0.0,0.0,0.0
random,411,J.delanoy,firstTime,1,29,0.0,0.0,0.0,0.0,0.0,0.0,0.0,0.0,0.0,0.0,0.0,0.0,0.0,0.0,0.0,0.0,0.0,0.0,0.0,0.0,0.0,0.0,0.0,0.0,0.0,0.0,0.0,0.0,0.0,0.0,0.0,0.0,0.0,0.0,0.0,0.0,0.0,0.0,0.0,0.0,0.0,0.0,0.0,0.0,0.0,0.0,0.0,0.0,0.0,0.0,0.0,0.0,0.0,0.0,0.0,0.0
doi_alpha1_beta0,412,Bjb29407,firstTime,1,30,0.0,0.0,0.0,0.0,0.0,0.0,0.0,0.0,0.0,0.0,0.0,0.0,0.0,0.0,0.0,0.0,0.0,0.0,0.0,0.0,0.0,0.0,0.0,0.0,0.0,0.0,0.0,0.0,0.0,0.0,0.0,0.0,0.0,0.0,0.0,0.0,0.0,0.0,0.0,0.0,0.0,0.0,0.0,0.0,0.0,0.0,0.0,0.0,0.04,1.0,0.038461538461538464,1.0,0.037037037037037035,1.0,0.03571428571428571,1.0,0.034482758620689655,1.0
random,412,Bjb29407,firstTime,1,30,0.0,0.0,0.0,0.0,0.0,0.0,0.0,0.0,0.0,0.0,0.0,0.0,0.0,0.0,0.0,0.0,0.0,0.0,0.0,0.0,0.0,0.0,0.0,0.0,0.0,0.0,0.0,0.0,0.0,0.0,0.0,0.0,0.0,0.0,0.0,0.0,0.0,0.0,0.0,0.0,0.0,0.0,0.0,0.0,0.0,0.0,0.0,0.0,0.0,0.0,0.0,0.0,0.037037037037037035,1.0,0.03571428571428571,1.0,0.034482758620689655,1.0
doi_alpha1_beta0,413,SmackBot,firstTime,1,29,0.0,0.0,0.0,0.0,0.0,0.0,0.0,0.0,0.0,0.0,0.0,0.0,0.0,0.0,0.0,0.0,0.0,0.0,0.0,0.0,0.0,0.0,0.0,0.0,0.0,0.0,0.0,0.0,0.0,0.0,0.0,0.0,0.0,0.0,0.0,0.0,0.0,0.0,0.0,0.0,0.0,0.0,0.0,0.0,0.0,0.0,0.0,0.0,0.0,0.0,0.0,0.0,0.0,0.0,0.0,0.0
random,413,SmackBot,firstTime,1,29,0.0,0.0,0.0,0.0,0.0,0.0,0.0,0.0,0.0,0.0,0.0,0.0,0.0,0.0,0.0,0.0,0.0,0.0,0.0,0.0,0.0,0.0,0.0,0.0,0.0,0.0,0.0,0.0,0.0,0.0,0.0,0.0,0.0,0.0,0.0,0.0,0.0,0.0,0.0,0.0,0.0,0.0,0.0,0.0,0.0,0.0,0.0,0.0,0.0,0.0,0.0,0.0,0.0,0.0,0.0,0.0
doi_alpha1_beta0,438,Doulos Christos,firstTime,1,30,0.0,0.0,0.0,0.0,0.0,0.0,0.0,0.0,0.0,0.0,0.0,0.0,0.0,0.0,0.0,0.0,0.0,0.0,0.0,0.0,0.0,0.0,0.0,0.0,0.0,0.0,0.0,0.0,0.0,0.0,0.0,0.0,0.0,0.0,0.0,0.0,0.0,0.0,0.0,0.0,0.0,0.0,0.0,0.0,0.0,0.0,0.0,0.0,0.0,0.0,0.038461538461538464,1.0,0.037037037037037035,1.0,0.03571428571428571,1.0,0.034482758620689655,1.0
random,438,Doulos Christos,firstTime,1,30,0.0,0.0,0.0,0.0,0.0,0.0,0.0,0.0,0.0,0.0,0.0,0.0,0.0,0.0,0.0,0.0,0.0,0.0,0.0,0.0,0.0,0.0,0.0,0.0,0.0,0.0,0.0,0.0,0.06666666666666667,1.0,0.0625,1.0,0.058823529411764705,1.0,0.05555555555555555,1.0,0.05263157894736842,1.0,0.05,1.0,0.047619047619047616,1.0,0.045454545454545456,1.0,0.043478260869565216,1.0,0.041666666666666664,1.0,0.04,1.0,0.038461538461538464,1.0,0.037037037037037035,1.0,0.03571428571428571,1.0,0.034482758620689655,1.0
doi_alpha1_beta0,440,Kwamikagami,returning,2,28,0.0,0.0,0.0,0.0,0.0,0.0,0.0,0.0,0.0,0.0,0.0,0.0,0.0,0.0,0.0,0.0,0.0,0.0,0.0,0.0,0.0,0.0,0.0,0.0,0.0,0.0,0.0,0.0,0.0,0.0,0.0,0.0,0.0,0.0,0.0,0.0,0.0,0.0,0.0,0.0,0.0,0.0,0.0,0.0,0.0,0.0,0.0,0.0,0.0,0.0,0.0,0.0,0.0,0.0
random,440,Kwamikagami,returning,2,28,0.0,0.0,0.0,0.0,0.0,0.0,0.0,0.0,0.0,0.0,0.0,0.0,0.0,0.0,0.0,0.0,0.0,0.0,0.0,0.0,0.0,0.0,0.0,0.0,0.0,0.0,0.0,0.0,0.0,0.0,0.0,0.0,0.0,0.0,0.0,0.0,0.0,0.0,0.0,0.0,0.0,0.0,0.0,0.0,0.0,0.0,0.0,0.0,0.0,0.0,0.0,0.0,0.0,0.0
doi_alpha03_beta07,440,Kwamikagami,returning,2,28,0.0,0.0,0.0,0.0,0.0,0.0,0.0,0.0,0.0,0.0,0.0,0.0,0.0,0.0,0.0,0.0,0.0,0.0,0.0,0.0,0.0,0.0,0.0,0.0,0.0,0.0,0.0,0.0,0.0,0.0,0.0,0.0,0.0,0.0,0.0,0.0,0.0,0.0,0.0,0.0,0.0,0.0,0.0,0.0,0.0,0.0,0.0,0.0,0.0,0.0,0.0,0.0,0.0,0.0
doi_alpha0_beta1,440,Kwamikagami,returning,2,28,0.0,0.0,0.0,0.0,0.0,0.0,0.0,0.0,0.0,0.0,0.0,0.0,0.0,0.0,0.0,0.0,0.0,0.0,0.0,0.0,0.0,0.0,0.0,0.0,0.0,0.0,0.0,0.0,0.0,0.0,0.0,0.0,0.0,0.0,0.0,0.0,0.0,0.0,0.0,0.0,0.0,0.0,0.0,0.0,0.0,0.0,0.0,0.0,0.0,0.0,0.0,0.0,0.0,0.0
doi_alpha1_beta0,444,Ixfd64,firstTime,3,27,0.0,0.0,0.0,0.0,0.0,0.0,0.25,0.3333333333333333,0.2,0.3333333333333333,0.16666666666666666,0.3333333333333333,0.14285714285714285,0.3333333333333333,0.125,0.3333333333333333,0.1111111111111111,0.3333333333333333,0.1,0.3333333333333333,0.09090909090909091,0.3333333333333333,0.08333333333333333,0.3333333333333333,0.07692307692307693,0.3333333333333333,0.07142857142857142,0.3333333333333333,0.06666666666666667,0.3333333333333333,0.0625,0.3333333333333333,0.058823529411764705,0.3333333333333333,0.05555555555555555,0.3333333333333333,0.05263157894736842,0.3333333333333333,0.05,0.3333333333333333,0.047619047619047616,0.3333333333333333,0.045454545454545456,0.3333333333333333,0.043478260869565216,0.3333333333333333,0.041666666666666664,0.3333333333333333,0.04,0.3333333333333333,0.038461538461538464,0.3333333333333333
random,444,Ixfd64,firstTime,3,27,0.0,0.0,0.0,0.0,0.0,0.0,0.0,0.0,0.0,0.0,0.0,0.0,0.0,0.0,0.0,0.0,0.0,0.0,0.0,0.0,0.0,0.0,0.0,0.0,0.0,0.0,0.0,0.0,0.06666666666666667,0.3333333333333333,0.0625,0.3333333333333333,0.058823529411764705,0.3333333333333333,0.05555555555555555,0.3333333333333333,0.05263157894736842,0.3333333333333333,0.05,0.3333333333333333,0.047619047619047616,0.3333333333333333,0.045454545454545456,0.3333333333333333,0.043478260869565216,0.3333333333333333,0.041666666666666664,0.3333333333333333,0.04,0.3333333333333333,0.038461538461538464,0.3333333333333333
doi_alpha1_beta0,446,D6,firstTime,1,29,0.0,0.0,0.0,0.0,0.0,0.0,0.0,0.0,0.0,0.0,0.0,0.0,0.0,0.0,0.0,0.0,0.0,0.0,0.0,0.0,0.0,0.0,0.0,0.0,0.0,0.0,0.0,0.0,0.0,0.0,0.0,0.0,0.0,0.0,0.0,0.0,0.0,0.0,0.0,0.0,0.0,0.0,0.0,0.0,0.0,0.0,0.0,0.0,0.0,0.0,0.0,0.0,0.0,0.0,0.0,0.0
random,446,D6,firstTime,1,29,0.0,0.0,0.0,0.0,0.0,0.0,0.0,0.0,0.0,0.0,0.0,0.0,0.0,0.0,0.0,0.0,0.0,0.0,0.0,0.0,0.0,0.0,0.0,0.0,0.0,0.0,0.0,0.0,0.0,0.0,0.0,0.0,0.0,0.0,0.0,0.0,0.0,0.0,0.0,0.0,0.0,0.0,0.0,0.0,0.0,0.0,0.0,0.0,0.0,0.0,0.0,0.0,0.0,0.0,0.0,0.0
doi_alpha1_beta0,448,Feline Hymnic,returning,4,29,0.0,0.0,0.0,0.0,0.0,0.0,0.0,0.0,0.0,0.0,0.0,0.0,0.0,0.0,0.0,0.0,0.0,0.0,0.0,0.0,0.0,0.0,0.0,0.0,0.0,0.0,0.0,0.0,0.06666666666666667,0.25,0.0625,0.25,0.058823529411764705,0.25,0.05555555555555555,0.25,0.05263157894736842,0.25,0.1,0.5,0.09523809523809523,0.5,0.09090909090909091,0.5,0.08695652173913043,0.5,0.08333333333333333,0.5,0.08,0.5,0.07692307692307693,0.5,0.07407407407407407,0.5,0.07142857142857142,0.5
random,448,Feline Hymnic,returning,4,29,0.0,0.0,0.0,0.0,0.0,0.0,0.0,0.0,0.0,0.0,0.0,0.0,0.14285714285714285,0.25,0.125,0.25,0.1111111111111111,0.25,0.1,0.25,0.09090909090909091,0.25,0.08333333333333333,0.25,0.07692307692307693,0.25,0.07142857142857142,0.25,0.06666666666666667,0.25,0.0625,0.25,0.058823529411764705,0.25,0.05555555555555555,0.25,0.05263157894736842,0.25,0.05,0.25,0.047619047619047616,0.25,0.045454545454545456,0.25,0.043478260869565216,0.25,0.041666666666666664,0.25,0.08,0.5,0.07692307692307693,0.5,0.07407407407407407,0.5,0.07142857142857142,0.5
doi_alpha03_beta07,448,Feline Hymnic,returning,4,29,0.0,0.0,0.0,0.0,0.0,0.0,0.0,0.0,0.0,0.0,0.0,0.0,0.0,0.0,0.0,0.0,0.0,0.0,0.0,0.0,0.0,0.0,0.0,0.0,0.0,0.0,0.0,0.0,0.06666666666666667,0.25,0.0625,0.25,0.058823529411764705,0.25,0.05555555555555555,0.25,0.05263157894736842,0.25,0.1,0.5,0.09523809523809523,0.5,0.09090909090909091,0.5,0.08695652173913043,0.5,0.08333333333333333,0.5,0.08,0.5,0.07692307692307693,0.5,0.07407407407407407,0.5,0.07142857142857142,0.5
doi_alpha0_beta1,448,Feline Hymnic,returning,4,29,0.0,0.0,0.0,0.0,0.0,0.0,0.0,0.0,0.0,0.0,0.16666666666666666,0.25,0.14285714285714285,0.25,0.125,0.25,0.1111111111111111,0.25,0.1,0.25,0.09090909090909091,0.25,0.08333333333333333,0.25,0.07692307692307693,0.25,0.07142857142857142,0.25,0.06666666666666667,0.25,0.0625,0.25,0.058823529411764705,0.25,0.05555555555555555,0.25,0.05263157894736842,0.25,0.05,0.25,0.047619047619047616,0.25,0.045454545454545456,0.25,0.043478260869565216,0.25,0.041666666666666664,0.25,0.08,0.5,0.07692307692307693,0.5,0.07407407407407407,0.5,0.07142857142857142,0.5
doi_alpha1_beta0,450,Drmies,firstTime,2,29,0.0,0.0,0.0,0.0,0.0,0.0,0.0,0.0,0.0,0.0,0.0,0.0,0.0,0.0,0.0,0.0,0.0,0.0,0.0,0.0,0.0,0.0,0.0,0.0,0.0,0.0,0.0,0.0,0.0,0.0,0.0,0.0,0.0,0.0,0.0,0.0,0.0,0.0,0.0,0.0,0.0,0.0,0.045454545454545456,0.5,0.08695652173913043,1.0,0.08333333333333333,1.0,0.08,1.0,0.07692307692307693,1.0,0.07407407407407407,1.0,0.07142857142857142,1.0
random,450,Drmies,firstTime,2,29,0.0,0.0,0.0,0.0,0.0,0.0,0.0,0.0,0.0,0.0,0.0,0.0,0.14285714285714285,0.5,0.125,0.5,0.1111111111111111,0.5,0.1,0.5,0.09090909090909091,0.5,0.16666666666666666,1.0,0.15384615384615385,1.0,0.14285714285714285,1.0,0.13333333333333333,1.0,0.125,1.0,0.11764705882352941,1.0,0.1111111111111111,1.0,0.10526315789473684,1.0,0.1,1.0,0.09523809523809523,1.0,0.09090909090909091,1.0,0.08695652173913043,1.0,0.08333333333333333,1.0,0.08,1.0,0.07692307692307693,1.0,0.07407407407407407,1.0,0.07142857142857142,1.0
doi_alpha1_beta0,452,ClueBot,returning,1,27,0.0,0.0,0.0,0.0,0.0,0.0,0.0,0.0,0.0,0.0,0.0,0.0,0.0,0.0,0.0,0.0,0.0,0.0,0.0,0.0,0.0,0.0,0.0,0.0,0.0,0.0,0.0,0.0,0.0,0.0,0.0,0.0,0.0,0.0,0.0,0.0,0.0,0.0,0.0,0.0,0.0,0.0,0.0,0.0,0.0,0.0,0.0,0.0,0.0,0.0,0.0,0.0
random,452,ClueBot,returning,1,27,0.0,0.0,0.0,0.0,0.0,0.0,0.0,0.0,0.0,0.0,0.0,0.0,0.0,0.0,0.0,0.0,0.0,0.0,0.0,0.0,0.0,0.0,0.0,0.0,0.0,0.0,0.0,0.0,0.0,0.0,0.0,0.0,0.0,0.0,0.0,0.0,0.0,0.0,0.0,0.0,0.0,0.0,0.0,0.0,0.0,0.0,0.0,0.0,0.0,0.0,0.0,0.0
doi_alpha03_beta07,452,ClueBot,returning,1,27,0.0,0.0,0.0,0.0,0.0,0.0,0.0,0.0,0.0,0.0,0.0,0.0,0.0,0.0,0.0,0.0,0.0,0.0,0.0,0.0,0.0,0.0,0.0,0.0,0.0,0.0,0.0,0.0,0.0,0.0,0.0,0.0,0.0,0.0,0.0,0.0,0.0,0.0,0.0,0.0,0.0,0.0,0.0,0.0,0.0,0.0,0.0,0.0,0.0,0.0,0.0,0.0
doi_alpha0_beta1,452,ClueBot,returning,1,27,0.0,0.0,0.0,0.0,0.0,0.0,0.0,0.0,0.0,0.0,0.0,0.0,0.0,0.0,0.0,0.0,0.0,0.0,0.0,0.0,0.0,0.0,0.0,0.0,0.0,0.0,0.0,0.0,0.0,0.0,0.0,0.0,0.0,0.0,0.0,0.0,0.0,0.0,0.0,0.0,0.0,0.0,0.0,0.0,0.0,0.0,0.0,0.0,0.0,0.0,0.0,0.0
doi_alpha1_beta0,454,Jashiin,returning,1,28,0.0,0.0,0.0,0.0,0.0,0.0,0.0,0.0,0.0,0.0,0.0,0.0,0.0,0.0,0.0,0.0,0.0,0.0,0.0,0.0,0.0,0.0,0.0,0.0,0.0,0.0,0.0,0.0,0.0,0.0,0.0,0.0,0.0,0.0,0.0,0.0,0.0,0.0,0.0,0.0,0.0,0.0,0.045454545454545456,1.0,0.043478260869565216,1.0,0.041666666666666664,1.0,0.04,1.0,0.038461538461538464,1.0,0.037037037037037035,1.0
random,454,Jashiin,returning,1,28,0.0,0.0,0.0,0.0,0.0,0.0,0.0,0.0,0.0,0.0,0.0,0.0,0.0,0.0,0.0,0.0,0.0,0.0,0.0,0.0,0.0,0.0,0.0,0.0,0.0,0.0,0.0,0.0,0.0,0.0,0.0625,1.0,0.058823529411764705,1.0,0.05555555555555555,1.0,0.05263157894736842,1.0,0.05,1.0,0.047619047619047616,1.0,0.045454545454545456,1.0,0.043478260869565216,1.0,0.041666666666666664,1.0,0.04,1.0,0.038461538461538464,1.0,0.037037037037037035,1.0
doi_alpha03_beta07,454,Jashiin,returning,1,28,0.0,0.0,0.0,0.0,0.0,0.0,0.0,0.0,0.0,0.0,0.0,0.0,0.0,0.0,0.0,0.0,0.0,0.0,0.0,0.0,0.0,0.0,0.0,0.0,0.0,0.0,0.0,0.0,0.0,0.0,0.0,0.0,0.0,0.0,0.0,0.0,0.0,0.0,0.0,0.0,0.0,0.0,0.045454545454545456,1.0,0.043478260869565216,1.0,0.041666666666666664,1.0,0.04,1.0,0.038461538461538464,1.0,0.037037037037037035,1.0
doi_alpha0_beta1,454,Jashiin,returning,1,28,1.0,1.0,0.5,1.0,0.3333333333333333,1.0,0.25,1.0,0.2,1.0,0.16666666666666666,1.0,0.14285714285714285,1.0,0.125,1.0,0.1111111111111111,1.0,0.1,1.0,0.09090909090909091,1.0,0.08333333333333333,1.0,0.07692307692307693,1.0,0.07142857142857142,1.0,0.06666666666666667,1.0,0.0625,1.0,0.058823529411764705,1.0,0.05555555555555555,1.0,0.05263157894736842,1.0,0.05,1.0,0.047619047619047616,1.0,0.045454545454545456,1.0,0.043478260869565216,1.0,0.041666666666666664,1.0,0.04,1.0,0.038461538461538464,1.0,0.037037037037037035,1.0
doi_alpha1_beta0,461,Philargyry,firstTime,1,27,0.0,0.0,0.0,0.0,0.0,0.0,0.0,0.0,0.0,0.0,0.0,0.0,0.0,0.0,0.0,0.0,0.0,0.0,0.0,0.0,0.0,0.0,0.0,0.0,0.0,0.0,0.0,0.0,0.0,0.0,0.0,0.0,0.0,0.0,0.0,0.0,0.0,0.0,0.0,0.0,0.0,0.0,0.0,0.0,0.0,0.0,0.0,0.0,0.0,0.0,0.0,0.0
random,461,Philargyry,firstTime,1,27,0.0,0.0,0.0,0.0,0.0,0.0,0.0,0.0,0.0,0.0,0.0,0.0,0.0,0.0,0.0,0.0,0.0,0.0,0.0,0.0,0.0,0.0,0.0,0.0,0.0,0.0,0.0,0.0,0.0,0.0,0.0,0.0,0.0,0.0,0.0,0.0,0.0,0.0,0.0,0.0,0.0,0.0,0.0,0.0,0.0,0.0,0.0,0.0,0.0,0.0,0.0,0.0
doi_alpha1_beta0,465,Decoleco123,firstTime,1,28,0.0,0.0,0.0,0.0,0.0,0.0,0.0,0.0,0.0,0.0,0.0,0.0,0.0,0.0,0.0,0.0,0.0,0.0,0.0,0.0,0.0,0.0,0.0,0.0,0.0,0.0,0.0,0.0,0.0,0.0,0.0,0.0,0.0,0.0,0.0,0.0,0.0,0.0,0.0,0.0,0.0,0.0,0.0,0.0,0.0,0.0,0.0,0.0,0.0,0.0,0.0,0.0,0.0,0.0
random,465,Decoleco123,firstTime,1,28,0.0,0.0,0.0,0.0,0.0,0.0,0.0,0.0,0.0,0.0,0.0,0.0,0.0,0.0,0.0,0.0,0.0,0.0,0.0,0.0,0.0,0.0,0.0,0.0,0.0,0.0,0.0,0.0,0.0,0.0,0.0,0.0,0.0,0.0,0.0,0.0,0.0,0.0,0.0,0.0,0.0,0.0,0.0,0.0,0.0,0.0,0.0,0.0,0.0,0.0,0.0,0.0,0.0,0.0
doi_alpha1_beta0,478,Feline Hymnic,returning,1,29,0.0,0.0,0.0,0.0,0.0,0.0,0.0,0.0,0.0,0.0,0.0,0.0,0.0,0.0,0.0,0.0,0.0,0.0,0.0,0.0,0.0,0.0,0.0,0.0,0.0,0.0,0.0,0.0,0.0,0.0,0.0,0.0,0.0,0.0,0.0,0.0,0.0,0.0,0.0,0.0,0.0,0.0,0.0,0.0,0.0,0.0,0.0,0.0,0.0,0.0,0.0,0.0,0.0,0.0,0.0,0.0
random,478,Feline Hymnic,returning,1,29,0.0,0.0,0.0,0.0,0.0,0.0,0.0,0.0,0.0,0.0,0.0,0.0,0.0,0.0,0.0,0.0,0.0,0.0,0.0,0.0,0.0,0.0,0.0,0.0,0.0,0.0,0.0,0.0,0.0,0.0,0.0,0.0,0.0,0.0,0.0,0.0,0.0,0.0,0.0,0.0,0.0,0.0,0.0,0.0,0.0,0.0,0.0,0.0,0.0,0.0,0.0,0.0,0.0,0.0,0.0,0.0
doi_alpha03_beta07,478,Feline Hymnic,returning,1,29,0.0,0.0,0.0,0.0,0.0,0.0,0.0,0.0,0.0,0.0,0.0,0.0,0.0,0.0,0.0,0.0,0.0,0.0,0.0,0.0,0.0,0.0,0.0,0.0,0.0,0.0,0.0,0.0,0.0,0.0,0.0,0.0,0.0,0.0,0.0,0.0,0.0,0.0,0.0,0.0,0.0,0.0,0.0,0.0,0.0,0.0,0.0,0.0,0.0,0.0,0.0,0.0,0.0,0.0,0.0,0.0
doi_alpha0_beta1,478,Feline Hymnic,returning,1,29,0.0,0.0,0.0,0.0,0.0,0.0,0.0,0.0,0.0,0.0,0.0,0.0,0.0,0.0,0.0,0.0,0.0,0.0,0.0,0.0,0.0,0.0,0.0,0.0,0.0,0.0,0.0,0.0,0.0,0.0,0.0,0.0,0.0,0.0,0.0,0.0,0.0,0.0,0.0,0.0,0.0,0.0,0.0,0.0,0.0,0.0,0.0,0.0,0.0,0.0,0.0,0.0,0.0,0.0,0.0,0.0
doi_alpha1_beta0,479,Killakick,firstTime,1,30,0.0,0.0,0.0,0.0,0.0,0.0,0.0,0.0,0.0,0.0,0.0,0.0,0.0,0.0,0.0,0.0,0.0,0.0,0.0,0.0,0.0,0.0,0.0,0.0,0.0,0.0,0.0,0.0,0.0,0.0,0.0,0.0,0.0,0.0,0.0,0.0,0.0,0.0,0.0,0.0,0.0,0.0,0.045454545454545456,1.0,0.043478260869565216,1.0,0.041666666666666664,1.0,0.04,1.0,0.038461538461538464,1.0,0.037037037037037035,1.0,0.03571428571428571,1.0,0.034482758620689655,1.0
random,479,Killakick,firstTime,1,30,0.0,0.0,0.0,0.0,0.0,0.0,0.0,0.0,0.0,0.0,0.0,0.0,0.0,0.0,0.0,0.0,0.0,0.0,0.0,0.0,0.0,0.0,0.0,0.0,0.0,0.0,0.0,0.0,0.0,0.0,0.0,0.0,0.0,0.0,0.0,0.0,0.0,0.0,0.0,0.0,0.0,0.0,0.0,0.0,0.0,0.0,0.0,0.0,0.0,0.0,0.0,0.0,0.037037037037037035,1.0,0.03571428571428571,1.0,0.034482758620689655,1.0
