doi_alpha1_beta0,1,Goochelaar,3,8,1.0,0.3333333333333333,1.0,0.6666666666666666,0.6666666666666666,0.6666666666666666
random,1,Goochelaar,3,8,0.0,0.0,0.0,0.0,0.3333333333333333,0.3333333333333333
doi_alpha1_beta0,4,151.24.190.xxx,10,17,1.0,0.1,0.5,0.1,0.3333333333333333,0.1,0.25,0.1,0.2,0.1,0.16666666666666666,0.1,0.14285714285714285,0.1,0.125,0.1,0.1111111111111111,0.1,0.1,0.1
random,4,151.24.190.xxx,10,17,0.0,0.0,0.5,0.1,0.3333333333333333,0.1,0.25,0.1,0.2,0.1,0.16666666666666666,0.1,0.14285714285714285,0.1,0.125,0.1,0.1111111111111111,0.1,0.1,0.1
doi_alpha1_beta0,5,Conversion script,3,14,0.0,0.0,0.5,0.3333333333333333,0.6666666666666666,0.6666666666666666
random,5,Conversion script,3,14,0.0,0.0,0.0,0.0,0.0,0.0
doi_alpha1_beta0,6,TwoOneTwo,4,13,1.0,0.25,0.5,0.25,0.3333333333333333,0.25,0.25,0.25
random,6,TwoOneTwo,4,13,0.0,0.0,0.0,0.0,0.0,0.0,0.0,0.0
doi_alpha1_beta0,11,Gianfranco,7,6,0.0,0.0,0.0,0.0,0.3333333333333333,0.14285714285714285,0.25,0.14285714285714285,0.4,0.2857142857142857,0.5,0.42857142857142855,0.42857142857142855,0.42857142857142855
random,11,Gianfranco,7,6,1.0,0.14285714285714285,1.0,0.2857142857142857,0.6666666666666666,0.2857142857142857,0.75,0.42857142857142855,0.6,0.42857142857142855,0.5,0.42857142857142855,0.5714285714285714,0.5714285714285714
doi_alpha03_beta07,11,Gianfranco,7,6,0.0,0.0,0.0,0.0,0.3333333333333333,0.14285714285714285,0.5,0.2857142857142857,0.6,0.42857142857142855,0.5,0.42857142857142855,0.42857142857142855,0.42857142857142855
doi_alpha0_beta1,11,Gianfranco,7,6,0.0,0.0,0.0,0.0,0.3333333333333333,0.14285714285714285,0.5,0.2857142857142857,0.6,0.42857142857142855,0.5,0.42857142857142855,0.42857142857142855,0.42857142857142855
doi_alpha1_beta0,15,PierreAbbat,1,7,0.0,0.0
random,15,PierreAbbat,1,7,0.0,0.0
doi_alpha1_beta0,19,,18,14,1.0,0.05555555555555555,1.0,0.1111111111111111,1.0,0.16666666666666666,1.0,0.2222222222222222,1.0,0.2777777777777778,1.0,0.3333333333333333,0.8571428571428571,0.3333333333333333,0.75,0.3333333333333333,0.6666666666666666,0.3333333333333333,0.7,0.3888888888888889,0.6363636363636364,0.3888888888888889,0.5833333333333334,0.3888888888888889,0.5384615384615384,0.3888888888888889,0.5,0.3888888888888889,0.5,0.3888888888888889,0.5,0.3888888888888889,0.5,0.3888888888888889,0.5,0.3888888888888889
random,19,,18,14,0.0,0.0,0.5,0.05555555555555555,0.6666666666666666,0.1111111111111111,0.75,0.16666666666666666,0.6,0.16666666666666666,0.6666666666666666,0.2222222222222222,0.7142857142857143,0.2777777777777778,0.75,0.3333333333333333,0.6666666666666666,0.3333333333333333,0.6,0.3333333333333333,0.5454545454545454,0.3333333333333333,0.5,0.3333333333333333,0.5384615384615384,0.3888888888888889,0.5,0.3888888888888889,0.5,0.3888888888888889,0.5,0.3888888888888889,0.5,0.3888888888888889,0.5,0.3888888888888889
doi_alpha1_beta0,20,Zoe,18,7,0.0,0.0,0.5,0.05555555555555555,0.6666666666666666,0.1111111111111111,0.5,0.1111111111111111,0.4,0.1111111111111111,0.3333333333333333,0.1111111111111111,0.42857142857142855,0.16666666666666666,0.375,0.16666666666666666,0.3333333333333333,0.16666666666666666,0.3,0.16666666666666666,0.2727272727272727,0.16666666666666666,0.25,0.16666666666666666,0.3076923076923077,0.2222222222222222,0.35714285714285715,0.2777777777777778,0.4,0.3333333333333333,0.4375,0.3888888888888889,0.47058823529411764,0.4444444444444444,0.5,0.5
random,20,Zoe,18,7,0.0,0.0,0.5,0.05555555555555555,0.6666666666666666,0.1111111111111111,0.75,0.16666666666666666,0.6,0.16666666666666666,0.5,0.16666666666666666,0.5714285714285714,0.2222222222222222,0.625,0.2777777777777778,0.5555555555555556,0.2777777777777778,0.5,0.2777777777777778,0.5454545454545454,0.3333333333333333,0.5,0.3333333333333333,0.46153846153846156,0.3333333333333333,0.5,0.3888888888888889,0.4666666666666667,0.3888888888888889,0.5,0.4444444444444444,0.47058823529411764,0.4444444444444444,0.5,0.5
doi_alpha1_beta0,24,-- April,1,7,0.0,0.0
random,24,-- April,1,7,1.0,1.0
doi_alpha03_beta07,24,-- April,1,7,0.0,0.0
doi_alpha0_beta1,24,-- April,1,7,0.0,0.0
doi_alpha1_beta0,26,Montrealais,1,7,0.0,0.0
random,26,Montrealais,1,7,0.0,0.0
doi_alpha1_beta0,29,Jeronimo,1,8,0.0,0.0
random,29,Jeronimo,1,8,0.0,0.0
doi_alpha1_beta0,30,Css,1,7,0.0,0.0
random,30,Css,1,7,0.0,0.0
doi_alpha1_beta0,32,Derek Ross,11,14,1.0,0.09090909090909091,0.5,0.09090909090909091,0.6666666666666666,0.18181818181818182,0.5,0.18181818181818182,0.6,0.2727272727272727,0.5,0.2727272727272727,0.42857142857142855,0.2727272727272727,0.375,0.2727272727272727,0.375,0.2727272727272727,0.375,0.2727272727272727,0.375,0.2727272727272727
random,32,Derek Ross,11,14,0.0,0.0,0.5,0.09090909090909091,0.6666666666666666,0.18181818181818182,0.5,0.18181818181818182,0.4,0.18181818181818182,0.3333333333333333,0.18181818181818182,0.42857142857142855,0.2727272727272727,0.375,0.2727272727272727,0.375,0.2727272727272727,0.375,0.2727272727272727,0.375,0.2727272727272727
doi_alpha1_beta0,39,Docu,1,15,0.0,0.0
random,39,Docu,1,15,0.0,0.0
doi_alpha1_beta0,40,,2,16,0.0,0.0,0.0,0.0
random,40,,2,16,0.0,0.0,0.0,0.0
doi_alpha1_beta0,44,CatherineMunro,2,15,0.0,0.0,0.0,0.0
random,44,CatherineMunro,2,15,0.0,0.0,0.0,0.0
doi_alpha1_beta0,53,Glenn,1,16,0.0,0.0
random,53,Glenn,1,16,0.0,0.0
doi_alpha1_beta0,65,Montrealais,1,17,0.0,0.0
random,65,Montrealais,1,17,0.0,0.0
doi_alpha03_beta07,65,Montrealais,1,17,0.0,0.0
doi_alpha0_beta1,65,Montrealais,1,17,0.0,0.0
doi_alpha1_beta0,69,,1,18,0.0,0.0
random,69,,1,18,0.0,0.0
doi_alpha1_beta0,70,Scanos,1,18,0.0,0.0
random,70,Scanos,1,18,0.0,0.0
doi_alpha1_beta0,75,Gaz,1,18,0.0,0.0
random,75,Gaz,1,18,0.0,0.0
doi_alpha1_beta0,81,,1,19,0.0,0.0
random,81,,1,19,0.0,0.0
doi_alpha1_beta0,83,Aytharn,1,20,0.0,0.0
random,83,Aytharn,1,20,0.0,0.0
doi_alpha1_beta0,84,Ahoerstemeier,1,19,0.0,0.0
random,84,Ahoerstemeier,1,19,0.0,0.0
doi_alpha1_beta0,87,Okapi,1,20,0.0,0.0
random,87,Okapi,1,20,0.0,0.0
doi_alpha1_beta0,88,,1,21,0.0,0.0
random,88,,1,21,0.0,0.0
doi_alpha1_beta0,89,Samrolken,1,20,0.0,0.0
random,89,Samrolken,1,20,0.0,0.0
doi_alpha1_beta0,103,Michael Hardy,1,20,0.0,0.0
random,103,Michael Hardy,1,20,0.0,0.0
doi_alpha1_beta0,110,Boraczek,1,19,0.0,0.0
random,110,Boraczek,1,19,0.0,0.0
doi_alpha03_beta07,110,Boraczek,1,19,0.0,0.0
doi_alpha0_beta1,110,Boraczek,1,19,0.0,0.0
doi_alpha1_beta0,112,,21,2,1.0,0.047619047619047616,1.0,0.09523809523809523,1.0,0.14285714285714285,1.0,0.19047619047619047,1.0,0.23809523809523808,1.0,0.2857142857142857,1.0,0.3333333333333333,1.0,0.38095238095238093,1.0,0.42857142857142855,1.0,0.47619047619047616,1.0,0.5238095238095238,1.0,0.5714285714285714,1.0,0.6190476190476191,1.0,0.6666666666666666,1.0,0.7142857142857143,0.9375,0.7142857142857143,0.9375,0.7142857142857143,0.9375,0.7142857142857143,0.9375,0.7142857142857143,0.9375,0.7142857142857143,0.9375,0.7142857142857143
random,112,,21,2,1.0,0.047619047619047616,1.0,0.09523809523809523,1.0,0.14285714285714285,1.0,0.19047619047619047,1.0,0.23809523809523808,1.0,0.2857142857142857,1.0,0.3333333333333333,1.0,0.38095238095238093,1.0,0.42857142857142855,1.0,0.47619047619047616,1.0,0.5238095238095238,1.0,0.5714285714285714,1.0,0.6190476190476191,1.0,0.6666666666666666,1.0,0.7142857142857143,0.9375,0.7142857142857143,0.9375,0.7142857142857143,0.9375,0.7142857142857143,0.9375,0.7142857142857143,0.9375,0.7142857142857143,0.9375,0.7142857142857143
doi_alpha1_beta0,113,D6,21,19,0.0,0.0,0.0,0.0,0.3333333333333333,0.047619047619047616,0.5,0.09523809523809523,0.4,0.09523809523809523,0.3333333333333333,0.09523809523809523,0.2857142857142857,0.09523809523809523,0.25,0.09523809523809523,0.2222222222222222,0.09523809523809523,0.2,0.09523809523809523,0.18181818181818182,0.09523809523809523,0.16666666666666666,0.09523809523809523,0.15384615384615385,0.09523809523809523,0.14285714285714285,0.09523809523809523,0.13333333333333333,0.09523809523809523,0.125,0.09523809523809523,0.11764705882352941,0.09523809523809523,0.1111111111111111,0.09523809523809523,0.10526315789473684,0.09523809523809523,0.1,0.09523809523809523,0.09523809523809523,0.09523809523809523
random,113,D6,21,19,0.0,0.0,0.0,0.0,0.0,0.0,0.0,0.0,0.0,0.0,0.0,0.0,0.0,0.0,0.0,0.0,0.0,0.0,0.0,0.0,0.0,0.0,0.0,0.0,0.0,0.0,0.0,0.0,0.0,0.0,0.0,0.0,0.0,0.0,0.0,0.0,0.0,0.0,0.05,0.047619047619047616,0.047619047619047616,0.047619047619047616
doi_alpha1_beta0,114,VeryVerily,2,18,0.0,0.0,0.0,0.0
random,114,VeryVerily,2,18,0.0,0.0,0.0,0.0
doi_alpha1_beta0,119,,2,19,0.0,0.0,0.0,0.0
random,119,,2,19,0.0,0.0,0.0,0.0
doi_alpha1_beta0,122,RickK,1,18,0.0,0.0
random,122,RickK,1,18,0.0,0.0
doi_alpha03_beta07,122,RickK,1,18,0.0,0.0
doi_alpha0_beta1,122,RickK,1,18,0.0,0.0
doi_alpha1_beta0,130,Golbez,1,18,0.0,0.0
random,130,Golbez,1,18,0.0,0.0
doi_alpha03_beta07,130,Golbez,1,18,0.0,0.0
doi_alpha0_beta1,130,Golbez,1,18,0.0,0.0
doi_alpha1_beta0,133,,2,18,0.0,0.0,0.5,0.5
random,133,,2,18,0.0,0.0,0.0,0.0
doi_alpha1_beta0,142,Panairjdde,2,19,1.0,0.5,0.5,0.5
random,142,Panairjdde,2,19,0.0,0.0,0.0,0.0
doi_alpha1_beta0,150,,1,20,0.0,0.0
random,150,,1,20,0.0,0.0
doi_alpha1_beta0,151,Ahoerstemeier,1,19,0.0,0.0
random,151,Ahoerstemeier,1,19,0.0,0.0
doi_alpha03_beta07,151,Ahoerstemeier,1,19,0.0,0.0
doi_alpha0_beta1,151,Ahoerstemeier,1,19,0.0,0.0
doi_alpha1_beta0,152,Langston,1,18,0.0,0.0
random,152,Langston,1,18,0.0,0.0
doi_alpha1_beta0,153,,2,17,1.0,0.5,0.5,0.5
random,153,,2,17,0.0,0.0,0.5,0.5
doi_alpha1_beta0,155,Yelyos,6,18,1.0,0.16666666666666666,0.5,0.16666666666666666,0.3333333333333333,0.16666666666666666,0.25,0.16666666666666666,0.2,0.16666666666666666,0.16666666666666666,0.16666666666666666
random,155,Yelyos,6,18,0.0,0.0,0.0,0.0,0.0,0.0,0.0,0.0,0.0,0.0,0.0,0.0
doi_alpha1_beta0,158,,10,9,1.0,0.1,1.0,0.2,1.0,0.3,1.0,0.4,0.8,0.4,0.6666666666666666,0.4,0.5714285714285714,0.4,0.5,0.4,0.4444444444444444,0.4,0.4,0.4
random,158,,10,9,1.0,0.1,1.0,0.2,0.6666666666666666,0.2,0.5,0.2,0.4,0.2,0.3333333333333333,0.2,0.2857142857142857,0.2,0.375,0.3,0.4444444444444444,0.4,0.4,0.4
doi_alpha1_beta0,159,Elf-friend,10,18,1.0,0.1,0.5,0.1,0.3333333333333333,0.1,0.25,0.1,0.2,0.1,0.16666666666666666,0.1,0.14285714285714285,0.1,0.125,0.1,0.1111111111111111,0.1,0.1,0.1
random,159,Elf-friend,10,18,0.0,0.0,0.0,0.0,0.0,0.0,0.0,0.0,0.0,0.0,0.16666666666666666,0.1,0.14285714285714285,0.1,0.125,0.1,0.1111111111111111,0.1,0.1,0.1
doi_alpha03_beta07,159,Elf-friend,10,18,1.0,0.1,0.5,0.1,0.3333333333333333,0.1,0.25,0.1,0.2,0.1,0.16666666666666666,0.1,0.14285714285714285,0.1,0.125,0.1,0.1111111111111111,0.1,0.1,0.1
doi_alpha0_beta1,159,Elf-friend,10,18,1.0,0.1,0.5,0.1,0.3333333333333333,0.1,0.25,0.1,0.2,0.1,0.16666666666666666,0.1,0.14285714285714285,0.1,0.125,0.1,0.1111111111111111,0.1,0.1,0.1
doi_alpha1_beta0,171,Alphaboi867,1,18,0.0,0.0
random,171,Alphaboi867,1,18,0.0,0.0
doi_alpha1_beta0,172,,19,1,1.0,0.05263157894736842,1.0,0.10526315789473684,1.0,0.15789473684210525,1.0,0.21052631578947367,1.0,0.2631578947368421,1.0,0.3157894736842105,1.0,0.3684210526315789,1.0,0.42105263157894735,1.0,0.47368421052631576,1.0,0.5263157894736842,1.0,0.5789473684210527,1.0,0.631578947368421,1.0,0.6842105263157895,1.0,0.7368421052631579,1.0,0.7894736842105263,0.9375,0.7894736842105263,0.9375,0.7894736842105263,0.9375,0.7894736842105263,0.9375,0.7894736842105263
random,172,,19,1,1.0,0.05263157894736842,1.0,0.10526315789473684,1.0,0.15789473684210525,1.0,0.21052631578947367,1.0,0.2631578947368421,1.0,0.3157894736842105,1.0,0.3684210526315789,1.0,0.42105263157894735,0.8888888888888888,0.42105263157894735,0.9,0.47368421052631576,0.9090909090909091,0.5263157894736842,0.9166666666666666,0.5789473684210527,0.9230769230769231,0.631578947368421,0.9285714285714286,0.6842105263157895,0.9333333333333333,0.7368421052631579,0.9375,0.7894736842105263,0.9375,0.7894736842105263,0.9375,0.7894736842105263,0.9375,0.7894736842105263
doi_alpha1_beta0,173,Panairjdde,19,18,1.0,0.05263157894736842,0.5,0.05263157894736842,0.3333333333333333,0.05263157894736842,0.25,0.05263157894736842,0.2,0.05263157894736842,0.16666666666666666,0.05263157894736842,0.14285714285714285,0.05263157894736842,0.125,0.05263157894736842,0.1111111111111111,0.05263157894736842,0.1,0.05263157894736842,0.09090909090909091,0.05263157894736842,0.08333333333333333,0.05263157894736842,0.07692307692307693,0.05263157894736842,0.07142857142857142,0.05263157894736842,0.06666666666666667,0.05263157894736842,0.0625,0.05263157894736842,0.058823529411764705,0.05263157894736842,0.05555555555555555,0.05263157894736842,0.05263157894736842,0.05263157894736842
random,173,Panairjdde,19,18,0.0,0.0,0.0,0.0,0.0,0.0,0.0,0.0,0.0,0.0,0.0,0.0,0.0,0.0,0.0,0.0,0.0,0.0,0.0,0.0,0.0,0.0,0.0,0.0,0.0,0.0,0.0,0.0,0.0,0.0,0.0,0.0,0.0,0.0,0.0,0.0,0.0,0.0
doi_alpha03_beta07,173,Panairjdde,19,18,1.0,0.05263157894736842,0.5,0.05263157894736842,0.3333333333333333,0.05263157894736842,0.25,0.05263157894736842,0.2,0.05263157894736842,0.16666666666666666,0.05263157894736842,0.14285714285714285,0.05263157894736842,0.125,0.05263157894736842,0.1111111111111111,0.05263157894736842,0.1,0.05263157894736842,0.09090909090909091,0.05263157894736842,0.08333333333333333,0.05263157894736842,0.07692307692307693,0.05263157894736842,0.07142857142857142,0.05263157894736842,0.06666666666666667,0.05263157894736842,0.0625,0.05263157894736842,0.058823529411764705,0.05263157894736842,0.05555555555555555,0.05263157894736842,0.05263157894736842,0.05263157894736842
doi_alpha0_beta1,173,Panairjdde,19,18,1.0,0.05263157894736842,0.5,0.05263157894736842,0.3333333333333333,0.05263157894736842,0.25,0.05263157894736842,0.2,0.05263157894736842,0.16666666666666666,0.05263157894736842,0.14285714285714285,0.05263157894736842,0.125,0.05263157894736842,0.1111111111111111,0.05263157894736842,0.1,0.05263157894736842,0.09090909090909091,0.05263157894736842,0.08333333333333333,0.05263157894736842,0.07692307692307693,0.05263157894736842,0.07142857142857142,0.05263157894736842,0.06666666666666667,0.05263157894736842,0.0625,0.05263157894736842,0.058823529411764705,0.05263157894736842,0.05555555555555555,0.05263157894736842,0.05263157894736842,0.05263157894736842
doi_alpha1_beta0,175,SpookyMulder,1,17,0.0,0.0
random,175,SpookyMulder,1,17,0.0,0.0
doi_alpha1_beta0,176,Numerousfalx,1,18,0.0,0.0
random,176,Numerousfalx,1,18,0.0,0.0
doi_alpha1_beta0,177,Sortior,7,25,0.0,0.0,0.0,0.0,0.0,0.0,0.0,0.0,0.0,0.0,0.0,0.0,0.0,0.0
random,177,Sortior,7,25,0.0,0.0,0.0,0.0,0.0,0.0,0.0,0.0,0.0,0.0,0.0,0.0,0.0,0.0
doi_alpha1_beta0,178,Pwqn,1,26,0.0,0.0
random,178,Pwqn,1,26,0.0,0.0
doi_alpha1_beta0,181,Boraczek,2,26,0.0,0.0,0.0,0.0
random,181,Boraczek,2,26,0.0,0.0,0.0,0.0
doi_alpha03_beta07,181,Boraczek,2,26,0.0,0.0,0.0,0.0
doi_alpha0_beta1,181,Boraczek,2,26,0.0,0.0,0.0,0.0
doi_alpha1_beta0,182,Gzornenplatz,2,28,0.0,0.0,0.0,0.0
random,182,Gzornenplatz,2,28,0.0,0.0,0.0,0.0
doi_alpha1_beta0,183,Jerryseinfeld,2,26,0.0,0.0,0.0,0.0
random,183,Jerryseinfeld,2,26,0.0,0.0,0.0,0.0
doi_alpha1_beta0,185,Gzornenplatz,2,28,0.0,0.0,0.0,0.0
random,185,Gzornenplatz,2,28,0.0,0.0,0.0,0.0
doi_alpha03_beta07,185,Gzornenplatz,2,28,0.0,0.0,0.0,0.0
doi_alpha0_beta1,185,Gzornenplatz,2,28,0.0,0.0,0.0,0.0
doi_alpha1_beta0,188,Cantus,2,26,0.0,0.0,0.0,0.0
random,188,Cantus,2,26,0.0,0.0,0.0,0.0
doi_alpha1_beta0,189,Nicksukh,2,28,0.0,0.0,0.0,0.0
random,189,Nicksukh,2,28,0.0,0.0,0.0,0.0
doi_alpha03_beta07,189,Nicksukh,2,28,0.0,0.0,0.0,0.0
doi_alpha0_beta1,189,Nicksukh,2,28,0.0,0.0,0.0,0.0
doi_alpha1_beta0,190,Cantus,2,26,0.0,0.0,0.0,0.0
random,190,Cantus,2,26,0.0,0.0,0.0,0.0
doi_alpha03_beta07,190,Cantus,2,26,0.0,0.0,0.0,0.0
doi_alpha0_beta1,190,Cantus,2,26,0.0,0.0,0.0,0.0
doi_alpha1_beta0,191,Gzornenplatz,2,28,0.0,0.0,0.0,0.0
random,191,Gzornenplatz,2,28,0.0,0.0,0.0,0.0
doi_alpha03_beta07,191,Gzornenplatz,2,28,0.0,0.0,0.0,0.0
doi_alpha0_beta1,191,Gzornenplatz,2,28,0.0,0.0,0.0,0.0
doi_alpha1_beta0,192,Cantus,2,26,0.0,0.0,0.0,0.0
random,192,Cantus,2,26,0.0,0.0,0.0,0.0
doi_alpha03_beta07,192,Cantus,2,26,0.0,0.0,0.0,0.0
doi_alpha0_beta1,192,Cantus,2,26,0.0,0.0,0.0,0.0
doi_alpha1_beta0,193,Gzornenplatz,2,28,0.0,0.0,0.0,0.0
random,193,Gzornenplatz,2,28,0.0,0.0,0.0,0.0
doi_alpha03_beta07,193,Gzornenplatz,2,28,0.0,0.0,0.0,0.0
doi_alpha0_beta1,193,Gzornenplatz,2,28,0.0,0.0,0.0,0.0
doi_alpha1_beta0,194,TimComm,2,26,0.0,0.0,0.0,0.0
random,194,TimComm,2,26,0.0,0.0,0.0,0.0
doi_alpha1_beta0,195,David Gerard,2,28,0.0,0.0,0.0,0.0
random,195,David Gerard,2,28,0.0,0.0,0.0,0.0
doi_alpha1_beta0,196,,2,26,0.0,0.0,0.0,0.0
random,196,,2,26,0.0,0.0,0.0,0.0
doi_alpha1_beta0,197,Gzornenplatz,2,28,0.0,0.0,0.0,0.0
random,197,Gzornenplatz,2,28,0.0,0.0,0.0,0.0
doi_alpha03_beta07,197,Gzornenplatz,2,28,0.0,0.0,0.0,0.0
doi_alpha0_beta1,197,Gzornenplatz,2,28,0.0,0.0,0.0,0.0
doi_alpha1_beta0,198,Novalis,2,26,0.0,0.0,0.0,0.0
random,198,Novalis,2,26,0.0,0.0,0.0,0.0
doi_alpha1_beta0,199,Gzornenplatz,2,28,0.0,0.0,0.0,0.0
random,199,Gzornenplatz,2,28,0.0,0.0,0.0,0.0
doi_alpha03_beta07,199,Gzornenplatz,2,28,0.0,0.0,0.0,0.0
doi_alpha0_beta1,199,Gzornenplatz,2,28,0.0,0.0,0.0,0.0
doi_alpha1_beta0,200,,2,26,0.0,0.0,0.0,0.0
random,200,,2,26,0.0,0.0,0.0,0.0
doi_alpha1_beta0,201,Geni,2,28,0.0,0.0,0.0,0.0
random,201,Geni,2,28,0.0,0.0,0.0,0.0
doi_alpha1_beta0,205,Jcr2,1,27,0.0,0.0
random,205,Jcr2,1,27,0.0,0.0
doi_alpha03_beta07,205,Jcr2,1,27,0.0,0.0
doi_alpha0_beta1,205,Jcr2,1,27,0.0,0.0
doi_alpha1_beta0,209,Aranel,4,27,1.0,0.25,0.5,0.25,0.3333333333333333,0.25,0.25,0.25
random,209,Aranel,4,27,0.0,0.0,0.0,0.0,0.0,0.0,0.25,0.25
doi_alpha1_beta0,210,,1,28,0.0,0.0
random,210,,1,28,0.0,0.0
doi_alpha1_beta0,219,,1,27,0.0,0.0
random,219,,1,27,0.0,0.0
doi_alpha1_beta0,220,Boothy443,1,27,0.0,0.0
random,220,Boothy443,1,27,0.0,0.0
doi_alpha1_beta0,230,Luqui,6,27,0.0,0.0,0.0,0.0,0.0,0.0,0.0,0.0,0.0,0.0,0.0,0.0
random,230,Luqui,6,27,0.0,0.0,0.0,0.0,0.0,0.0,0.0,0.0,0.0,0.0,0.0,0.0
doi_alpha1_beta0,231,,1,28,0.0,0.0
random,231,,1,28,0.0,0.0
doi_alpha1_beta0,233,Jcr2,1,27,0.0,0.0
random,233,Jcr2,1,27,0.0,0.0
doi_alpha03_beta07,233,Jcr2,1,27,0.0,0.0
doi_alpha0_beta1,233,Jcr2,1,27,0.0,0.0
doi_alpha1_beta0,237,,4,23,0.0,0.0,0.5,0.25,0.3333333333333333,0.25,0.25,0.25
random,237,,4,23,0.0,0.0,0.0,0.0,0.0,0.0,0.0,0.0
doi_alpha1_beta0,240,Olivier,10,27,0.0,0.0,0.0,0.0,0.0,0.0,0.0,0.0,0.0,0.0,0.0,0.0,0.0,0.0,0.0,0.0,0.1111111111111111,0.1,0.1,0.1
random,240,Olivier,10,27,0.0,0.0,0.0,0.0,0.0,0.0,0.0,0.0,0.0,0.0,0.0,0.0,0.0,0.0,0.0,0.0,0.0,0.0,0.0,0.0
doi_alpha03_beta07,240,Olivier,10,27,1.0,0.1,0.5,0.1,0.3333333333333333,0.1,0.25,0.1,0.2,0.1,0.16666666666666666,0.1,0.14285714285714285,0.1,0.125,0.1,0.1111111111111111,0.1,0.1,0.1
doi_alpha0_beta1,240,Olivier,10,27,1.0,0.1,0.5,0.1,0.3333333333333333,0.1,0.25,0.1,0.2,0.1,0.16666666666666666,0.1,0.14285714285714285,0.1,0.125,0.1,0.1111111111111111,0.1,0.1,0.1
doi_alpha1_beta0,241,,3,24,0.0,0.0,0.0,0.0,0.0,0.0
random,241,,3,24,0.0,0.0,0.0,0.0,0.0,0.0
doi_alpha1_beta0,242,Jcr2,3,27,0.0,0.0,0.0,0.0,0.0,0.0
random,242,Jcr2,3,27,0.0,0.0,0.0,0.0,0.0,0.0
doi_alpha03_beta07,242,Jcr2,3,27,0.0,0.0,0.0,0.0,0.0,0.0
doi_alpha0_beta1,242,Jcr2,3,27,0.0,0.0,0.0,0.0,0.0,0.0
doi_alpha1_beta0,243,MGTom,1,28,0.0,0.0
random,243,MGTom,1,28,0.0,0.0
doi_alpha1_beta0,244,Panairjdde,1,27,0.0,0.0
random,244,Panairjdde,1,27,0.0,0.0
doi_alpha03_beta07,244,Panairjdde,1,27,0.0,0.0
doi_alpha0_beta1,244,Panairjdde,1,27,0.0,0.0
doi_alpha1_beta0,247,MGTom,1,26,0.0,0.0
random,247,MGTom,1,26,0.0,0.0
doi_alpha03_beta07,247,MGTom,1,26,1.0,1.0
doi_alpha0_beta1,247,MGTom,1,26,1.0,1.0
doi_alpha1_beta0,248,,1,25,0.0,0.0
random,248,,1,25,0.0,0.0
doi_alpha1_beta0,251,Monk,6,26,0.0,0.0,0.0,0.0,0.0,0.0,0.0,0.0,0.0,0.0,0.0,0.0
random,251,Monk,6,26,0.0,0.0,0.0,0.0,0.0,0.0,0.0,0.0,0.0,0.0,0.0,0.0
doi_alpha1_beta0,252,,2,26,0.0,0.0,0.0,0.0
random,252,,2,26,0.0,0.0,0.0,0.0
doi_alpha1_beta0,255,Jcr2,27,26,1.0,0.037037037037037035,0.5,0.037037037037037035,0.3333333333333333,0.037037037037037035,0.25,0.037037037037037035,0.2,0.037037037037037035,0.16666666666666666,0.037037037037037035,0.14285714285714285,0.037037037037037035,0.125,0.037037037037037035,0.1111111111111111,0.037037037037037035,0.1,0.037037037037037035,0.09090909090909091,0.037037037037037035,0.08333333333333333,0.037037037037037035,0.07692307692307693,0.037037037037037035,0.07142857142857142,0.037037037037037035,0.06666666666666667,0.037037037037037035,0.0625,0.037037037037037035,0.058823529411764705,0.037037037037037035,0.05555555555555555,0.037037037037037035,0.05263157894736842,0.037037037037037035,0.05,0.037037037037037035,0.047619047619047616,0.037037037037037035,0.045454545454545456,0.037037037037037035,0.043478260869565216,0.037037037037037035,0.041666666666666664,0.037037037037037035,0.04,0.037037037037037035,0.038461538461538464,0.037037037037037035,0.037037037037037035,0.037037037037037035
random,255,Jcr2,27,26,0.0,0.0,0.0,0.0,0.0,0.0,0.0,0.0,0.0,0.0,0.0,0.0,0.0,0.0,0.0,0.0,0.0,0.0,0.0,0.0,0.0,0.0,0.0,0.0,0.07692307692307693,0.037037037037037035,0.07142857142857142,0.037037037037037035,0.06666666666666667,0.037037037037037035,0.0625,0.037037037037037035,0.058823529411764705,0.037037037037037035,0.05555555555555555,0.037037037037037035,0.05263157894736842,0.037037037037037035,0.05,0.037037037037037035,0.047619047619047616,0.037037037037037035,0.045454545454545456,0.037037037037037035,0.043478260869565216,0.037037037037037035,0.041666666666666664,0.037037037037037035,0.04,0.037037037037037035,0.038461538461538464,0.037037037037037035,0.037037037037037035,0.037037037037037035
doi_alpha03_beta07,255,Jcr2,27,26,1.0,0.037037037037037035,0.5,0.037037037037037035,0.3333333333333333,0.037037037037037035,0.25,0.037037037037037035,0.2,0.037037037037037035,0.16666666666666666,0.037037037037037035,0.14285714285714285,0.037037037037037035,0.125,0.037037037037037035,0.1111111111111111,0.037037037037037035,0.1,0.037037037037037035,0.09090909090909091,0.037037037037037035,0.08333333333333333,0.037037037037037035,0.07692307692307693,0.037037037037037035,0.07142857142857142,0.037037037037037035,0.06666666666666667,0.037037037037037035,0.0625,0.037037037037037035,0.058823529411764705,0.037037037037037035,0.05555555555555555,0.037037037037037035,0.05263157894736842,0.037037037037037035,0.05,0.037037037037037035,0.047619047619047616,0.037037037037037035,0.045454545454545456,0.037037037037037035,0.043478260869565216,0.037037037037037035,0.041666666666666664,0.037037037037037035,0.04,0.037037037037037035,0.038461538461538464,0.037037037037037035,0.037037037037037035,0.037037037037037035
doi_alpha0_beta1,255,Jcr2,27,26,1.0,0.037037037037037035,0.5,0.037037037037037035,0.3333333333333333,0.037037037037037035,0.25,0.037037037037037035,0.2,0.037037037037037035,0.16666666666666666,0.037037037037037035,0.14285714285714285,0.037037037037037035,0.125,0.037037037037037035,0.1111111111111111,0.037037037037037035,0.1,0.037037037037037035,0.09090909090909091,0.037037037037037035,0.08333333333333333,0.037037037037037035,0.07692307692307693,0.037037037037037035,0.07142857142857142,0.037037037037037035,0.06666666666666667,0.037037037037037035,0.0625,0.037037037037037035,0.058823529411764705,0.037037037037037035,0.05555555555555555,0.037037037037037035,0.05263157894736842,0.037037037037037035,0.05,0.037037037037037035,0.047619047619047616,0.037037037037037035,0.045454545454545456,0.037037037037037035,0.043478260869565216,0.037037037037037035,0.041666666666666664,0.037037037037037035,0.04,0.037037037037037035,0.038461538461538464,0.037037037037037035,0.037037037037037035,0.037037037037037035
doi_alpha1_beta0,256,,3,23,0.0,0.0,0.0,0.0,0.0,0.0
random,256,,3,23,0.0,0.0,0.0,0.0,0.0,0.0
doi_alpha1_beta0,257,Boothy443,3,26,0.0,0.0,0.0,0.0,0.0,0.0
random,257,Boothy443,3,26,0.0,0.0,0.0,0.0,0.0,0.0
doi_alpha03_beta07,257,Boothy443,3,26,0.0,0.0,0.0,0.0,0.0,0.0
doi_alpha0_beta1,257,Boothy443,3,26,0.0,0.0,0.0,0.0,0.0,0.0
doi_alpha1_beta0,269,Hunfe,5,26,1.0,0.2,0.5,0.2,0.3333333333333333,0.2,0.25,0.2,0.2,0.2
random,269,Hunfe,5,26,0.0,0.0,0.0,0.0,0.0,0.0,0.0,0.0,0.0,0.0
doi_alpha1_beta0,274,Dbenbenn,2,26,0.0,0.0,0.5,0.5
random,274,Dbenbenn,2,26,0.0,0.0,0.0,0.0
doi_alpha1_beta0,279,,3,23,0.0,0.0,0.0,0.0,0.3333333333333333,0.3333333333333333
random,279,,3,23,0.0,0.0,0.0,0.0,0.0,0.0
doi_alpha1_beta0,280,Deleting Unnecessary Words,3,26,0.0,0.0,0.0,0.0,0.0,0.0
random,280,Deleting Unnecessary Words,3,26,0.0,0.0,0.0,0.0,0.0,0.0
doi_alpha03_beta07,280,Deleting Unnecessary Words,3,26,0.0,0.0,0.0,0.0,0.0,0.0
doi_alpha0_beta1,280,Deleting Unnecessary Words,3,26,0.0,0.0,0.0,0.0,0.0,0.0
doi_alpha1_beta0,281,,1,26,0.0,0.0
random,281,,1,26,0.0,0.0
doi_alpha1_beta0,289,Conti,6,26,0.0,0.0,0.0,0.0,0.0,0.0,0.0,0.0,0.0,0.0,0.0,0.0
random,289,Conti,6,26,0.0,0.0,0.0,0.0,0.0,0.0,0.0,0.0,0.0,0.0,0.0,0.0
doi_alpha1_beta0,291,,1,25,0.0,0.0
random,291,,1,25,0.0,0.0
doi_alpha1_beta0,293,Jcr2,1,26,0.0,0.0
random,293,Jcr2,1,26,0.0,0.0
doi_alpha03_beta07,293,Jcr2,1,26,0.0,0.0
doi_alpha0_beta1,293,Jcr2,1,26,0.0,0.0
doi_alpha1_beta0,295,SpNeo,4,28,0.0,0.0,0.0,0.0,0.0,0.0,0.0,0.0
random,295,SpNeo,4,28,0.0,0.0,0.0,0.0,0.0,0.0,0.0,0.0
doi_alpha1_beta0,300,Golbez,1,28,0.0,0.0
random,300,Golbez,1,28,0.0,0.0
doi_alpha03_beta07,300,Golbez,1,28,0.0,0.0
doi_alpha0_beta1,300,Golbez,1,28,0.0,0.0
doi_alpha1_beta0,302,ChrisO,1,27,1.0,1.0
random,302,ChrisO,1,27,0.0,0.0
doi_alpha1_beta0,310,Mgw,1,27,1.0,1.0
random,310,Mgw,1,27,0.0,0.0
doi_alpha1_beta0,313,Commander Keane,1,27,0.0,0.0
random,313,Commander Keane,1,27,0.0,0.0
doi_alpha1_beta0,314,,4,23,1.0,0.25,1.0,0.5,0.6666666666666666,0.5,0.5,0.5
random,314,,4,23,0.0,0.0,0.0,0.0,0.0,0.0,0.0,0.0
doi_alpha1_beta0,316,Panairjdde,7,27,1.0,0.14285714285714285,0.5,0.14285714285714285,0.3333333333333333,0.14285714285714285,0.25,0.14285714285714285,0.2,0.14285714285714285,0.16666666666666666,0.14285714285714285,0.14285714285714285,0.14285714285714285
random,316,Panairjdde,7,27,0.0,0.0,0.0,0.0,0.0,0.0,0.0,0.0,0.0,0.0,0.0,0.0,0.0,0.0
doi_alpha03_beta07,316,Panairjdde,7,27,1.0,0.14285714285714285,0.5,0.14285714285714285,0.3333333333333333,0.14285714285714285,0.25,0.14285714285714285,0.2,0.14285714285714285,0.16666666666666666,0.14285714285714285,0.14285714285714285,0.14285714285714285
doi_alpha0_beta1,316,Panairjdde,7,27,1.0,0.14285714285714285,0.5,0.14285714285714285,0.3333333333333333,0.14285714285714285,0.25,0.14285714285714285,0.2,0.14285714285714285,0.16666666666666666,0.14285714285714285,0.14285714285714285,0.14285714285714285
doi_alpha1_beta0,317,,1,28,0.0,0.0
random,317,,1,28,0.0,0.0
doi_alpha1_beta0,318,Alarm,1,27,0.0,0.0
random,318,Alarm,1,27,0.0,0.0
doi_alpha1_beta0,321,Knowledge Seeker,3,27,0.0,0.0,0.0,0.0,0.0,0.0
random,321,Knowledge Seeker,3,27,0.0,0.0,0.0,0.0,0.0,0.0
doi_alpha1_beta0,332,Panairjdde,6,28,0.0,0.0,0.0,0.0,0.0,0.0,0.0,0.0,0.0,0.0,0.0,0.0
random,332,Panairjdde,6,28,0.0,0.0,0.0,0.0,0.0,0.0,0.0,0.0,0.0,0.0,0.0,0.0
doi_alpha03_beta07,332,Panairjdde,6,28,0.0,0.0,0.0,0.0,0.0,0.0,0.0,0.0,0.0,0.0,0.0,0.0
doi_alpha0_beta1,332,Panairjdde,6,28,0.0,0.0,0.0,0.0,0.0,0.0,0.0,0.0,0.0,0.0,0.0,0.0
doi_alpha1_beta0,338,Golbez,1,28,0.0,0.0
random,338,Golbez,1,28,0.0,0.0
doi_alpha03_beta07,338,Golbez,1,28,0.0,0.0
doi_alpha0_beta1,338,Golbez,1,28,0.0,0.0
doi_alpha1_beta0,339,,1,29,0.0,0.0
random,339,,1,29,0.0,0.0
doi_alpha1_beta0,351,,1,29,0.0,0.0
random,351,,1,29,0.0,0.0
doi_alpha1_beta0,352,Golbez,1,28,0.0,0.0
random,352,Golbez,1,28,0.0,0.0
doi_alpha03_beta07,352,Golbez,1,28,0.0,0.0
doi_alpha0_beta1,352,Golbez,1,28,0.0,0.0
doi_alpha1_beta0,363,,1,29,0.0,0.0
random,363,,1,29,0.0,0.0
doi_alpha1_beta0,365,Panairjdde,1,28,0.0,0.0
random,365,Panairjdde,1,28,0.0,0.0
doi_alpha03_beta07,365,Panairjdde,1,28,0.0,0.0
doi_alpha0_beta1,365,Panairjdde,1,28,0.0,0.0
doi_alpha1_beta0,368,,6,23,0.0,0.0,0.5,0.16666666666666666,0.6666666666666666,0.3333333333333333,0.5,0.3333333333333333,0.6,0.5,0.6666666666666666,0.6666666666666666
random,368,,6,23,0.0,0.0,0.0,0.0,0.0,0.0,0.0,0.0,0.0,0.0,0.0,0.0
doi_alpha1_beta0,369,Antandrus,6,28,1.0,0.16666666666666666,0.5,0.16666666666666666,0.3333333333333333,0.16666666666666666,0.25,0.16666666666666666,0.2,0.16666666666666666,0.16666666666666666,0.16666666666666666
random,369,Antandrus,6,28,0.0,0.0,0.0,0.0,0.0,0.0,0.0,0.0,0.0,0.0,0.0,0.0
doi_alpha03_beta07,369,Antandrus,6,28,1.0,0.16666666666666666,0.5,0.16666666666666666,0.3333333333333333,0.16666666666666666,0.25,0.16666666666666666,0.2,0.16666666666666666,0.16666666666666666,0.16666666666666666
doi_alpha0_beta1,369,Antandrus,6,28,1.0,0.16666666666666666,0.5,0.16666666666666666,0.3333333333333333,0.16666666666666666,0.25,0.16666666666666666,0.2,0.16666666666666666,0.16666666666666666,0.16666666666666666
doi_alpha1_beta0,377,Everyking,3,26,0.0,0.0,0.0,0.0,0.0,0.0
random,377,Everyking,3,26,0.0,0.0,0.0,0.0,0.0,0.0
doi_alpha03_beta07,377,Everyking,3,26,0.0,0.0,0.5,0.3333333333333333,0.6666666666666666,0.6666666666666666
doi_alpha0_beta1,377,Everyking,3,26,0.0,0.0,0.5,0.3333333333333333,0.6666666666666666,0.6666666666666666
doi_alpha1_beta0,384,Timwi,1,27,0.0,0.0
random,384,Timwi,1,27,0.0,0.0
doi_alpha1_beta0,389,Espo111,1,28,0.0,0.0
random,389,Espo111,1,28,0.0,0.0
doi_alpha1_beta0,391,,1,29,0.0,0.0
random,391,,1,29,0.0,0.0
doi_alpha1_beta0,408,Clngre,1,29,0.0,0.0
random,408,Clngre,1,29,0.0,0.0
doi_alpha1_beta0,412,Scottbell,1,29,0.0,0.0
random,412,Scottbell,1,29,0.0,0.0
doi_alpha1_beta0,413,,1,30,0.0,0.0
random,413,,1,30,0.0,0.0
doi_alpha1_beta0,414,-OOPSIE-,1,29,0.0,0.0
random,414,-OOPSIE-,1,29,0.0,0.0
doi_alpha1_beta0,419,Bill Thayer,1,29,0.0,0.0
random,419,Bill Thayer,1,29,0.0,0.0
doi_alpha03_beta07,419,Bill Thayer,1,29,0.0,0.0
doi_alpha0_beta1,419,Bill Thayer,1,29,0.0,0.0
doi_alpha1_beta0,430,,1,29,0.0,0.0
random,430,,1,29,0.0,0.0
doi_alpha1_beta0,432,Quiensabe,1,29,0.0,0.0
random,432,Quiensabe,1,29,0.0,0.0
doi_alpha1_beta0,435,,1,30,0.0,0.0
random,435,,1,30,0.0,0.0
doi_alpha1_beta0,438,JYolkowski,1,29,0.0,0.0
random,438,JYolkowski,1,29,0.0,0.0
doi_alpha1_beta0,439,,2,28,1.0,0.5,0.5,0.5
random,439,,2,28,0.0,0.0,0.0,0.0
doi_alpha1_beta0,440,Mzbello,2,30,0.0,0.0,0.0,0.0
random,440,Mzbello,2,30,0.0,0.0,0.0,0.0
doi_alpha03_beta07,440,Mzbello,2,30,0.0,0.0,0.0,0.0
doi_alpha0_beta1,440,Mzbello,2,30,0.0,0.0,0.0,0.0
doi_alpha1_beta0,441,Gadfium,2,29,1.0,0.5,0.5,0.5
random,441,Gadfium,2,29,0.0,0.0,0.0,0.0
doi_alpha1_beta0,443,,3,27,0.0,0.0,0.0,0.0,0.0,0.0
random,443,,3,27,0.0,0.0,0.5,0.3333333333333333,0.3333333333333333,0.3333333333333333
doi_alpha1_beta0,444,Ungvichian,3,29,0.0,0.0,0.0,0.0,0.3333333333333333,0.3333333333333333
random,444,Ungvichian,3,29,0.0,0.0,0.5,0.3333333333333333,0.3333333333333333,0.3333333333333333
doi_alpha1_beta0,446,,1,30,0.0,0.0
random,446,,1,30,0.0,0.0
doi_alpha1_beta0,447,SimonP,1,29,0.0,0.0
random,447,SimonP,1,29,0.0,0.0
doi_alpha03_beta07,447,SimonP,1,29,0.0,0.0
doi_alpha0_beta1,447,SimonP,1,29,0.0,0.0
doi_alpha1_beta0,448,,4,29,0.0,0.0,0.0,0.0,0.0,0.0,0.0,0.0
random,448,,4,29,0.0,0.0,0.0,0.0,0.0,0.0,0.0,0.0
doi_alpha1_beta0,450,Paul August,2,27,0.0,0.0,0.0,0.0
random,450,Paul August,2,27,0.0,0.0,0.0,0.0
doi_alpha1_beta0,452,,1,28,0.0,0.0
random,452,,1,28,0.0,0.0
doi_alpha1_beta0,454,Golbez,1,27,0.0,0.0
random,454,Golbez,1,27,0.0,0.0
doi_alpha03_beta07,454,Golbez,1,27,0.0,0.0
doi_alpha0_beta1,454,Golbez,1,27,0.0,0.0
doi_alpha1_beta0,461,Gramaic,1,28,0.0,0.0
random,461,Gramaic,1,28,0.0,0.0
doi_alpha1_beta0,465,,1,29,0.0,0.0
random,465,,1,29,0.0,0.0
doi_alpha1_beta0,478,,1,30,0.0,0.0
random,478,,1,30,0.0,0.0
doi_alpha1_beta0,479,Bill Thayer,1,29,0.0,0.0
random,479,Bill Thayer,1,29,0.0,0.0
doi_alpha03_beta07,479,Bill Thayer,1,29,0.0,0.0
doi_alpha0_beta1,479,Bill Thayer,1,29,0.0,0.0
doi_alpha1_beta0,482,MGTom,2,30,0.0,0.0,0.0,0.0
random,482,MGTom,2,30,0.0,0.0,0.0,0.0
doi_alpha03_beta07,482,MGTom,2,30,0.0,0.0,0.0,0.0
doi_alpha0_beta1,482,MGTom,2,30,0.0,0.0,0.0,0.0
doi_alpha1_beta0,483,Joy,1,30,0.0,0.0
random,483,Joy,1,30,0.0,0.0
doi_alpha03_beta07,483,Joy,1,30,1.0,1.0
doi_alpha0_beta1,483,Joy,1,30,1.0,1.0
doi_alpha1_beta0,493,Panairjdde,1,29,0.0,0.0
random,493,Panairjdde,1,29,0.0,0.0
doi_alpha03_beta07,493,Panairjdde,1,29,0.0,0.0
doi_alpha0_beta1,493,Panairjdde,1,29,0.0,0.0
