doi_alpha1_beta0,3,Vicki Rosenzweig,firstTime,6,2,0.0,0.0
random,3,Vicki Rosenzweig,firstTime,6,2,0.0,0.0
doi_alpha1_beta0,4,Olivier,firstTime,1,7,0.0,0.0,0.0,0.0,0.0,0.0,0.0,0.0,0.0,0.0,0.0,0.0
random,4,Olivier,firstTime,1,7,0.0,0.0,0.0,0.0,0.0,0.0,0.0,0.0,0.0,0.0,0.0,0.0
doi_alpha1_beta0,5,Someone else,firstTime,3,8,0.0,0.0,0.5,0.3333333333333333,0.3333333333333333,0.3333333333333333,0.25,0.3333333333333333,0.4,0.6666666666666666,0.3333333333333333,0.6666666666666666,0.2857142857142857,0.6666666666666666
random,5,Someone else,firstTime,3,8,1.0,0.3333333333333333,0.5,0.3333333333333333,0.3333333333333333,0.3333333333333333,0.25,0.3333333333333333,0.4,0.6666666666666666,0.3333333333333333,0.6666666666666666,0.2857142857142857,0.6666666666666666
doi_alpha1_beta0,18,Populus,firstTime,1,8,0.0,0.0,0.0,0.0,0.0,0.0,0.0,0.0,0.0,0.0,0.0,0.0,0.0,0.0
random,18,Populus,firstTime,1,8,0.0,0.0,0.0,0.0,0.0,0.0,0.0,0.0,0.0,0.0,0.0,0.0,0.0,0.0
doi_alpha1_beta0,20,Someone else,returning,1,9,0.0,0.0,0.0,0.0,0.0,0.0,0.0,0.0,0.0,0.0,0.0,0.0,0.0,0.0,0.125,1.0
random,20,Someone else,returning,1,9,0.0,0.0,0.0,0.0,0.0,0.0,0.0,0.0,0.0,0.0,0.0,0.0,0.0,0.0,0.0,0.0
doi_alpha03_beta07,20,Someone else,returning,1,9,0.0,0.0,0.0,0.0,0.0,0.0,0.0,0.0,0.0,0.0,0.0,0.0,0.14285714285714285,1.0,0.125,1.0
doi_alpha0_beta1,20,Someone else,returning,1,9,0.0,0.0,0.0,0.0,0.0,0.0,0.0,0.0,0.0,0.0,0.0,0.0,0.14285714285714285,1.0,0.125,1.0
doi_alpha1_beta0,23,Opponent,firstTime,1,8,0.0,0.0,0.0,0.0,0.0,0.0,0.0,0.0,0.0,0.0,0.0,0.0,0.0,0.0
random,23,Opponent,firstTime,1,8,0.0,0.0,0.0,0.0,0.0,0.0,0.0,0.0,0.0,0.0,0.0,0.0,0.0,0.0
doi_alpha1_beta0,24,Jmabel,firstTime,1,9,0.0,0.0,0.0,0.0,0.0,0.0,0.0,0.0,0.0,0.0,0.0,0.0,0.0,0.0,0.125,1.0
random,24,Jmabel,firstTime,1,9,0.0,0.0,0.5,1.0,0.3333333333333333,1.0,0.25,1.0,0.2,1.0,0.16666666666666666,1.0,0.14285714285714285,1.0,0.125,1.0
doi_alpha1_beta0,28,RedWolf,firstTime,4,8,1.0,0.25,0.5,0.25,0.3333333333333333,0.25,0.25,0.25,0.2,0.25,0.3333333333333333,0.5,0.42857142857142855,0.75
random,28,RedWolf,firstTime,4,8,1.0,0.25,0.5,0.25,0.6666666666666666,0.5,0.5,0.5,0.4,0.5,0.3333333333333333,0.5,0.42857142857142855,0.75
doi_alpha1_beta0,35,Jsc07302,returning,1,7,0.0,0.0,0.0,0.0,0.0,0.0,0.0,0.0,0.0,0.0,0.16666666666666666,1.0
random,35,Jsc07302,returning,1,7,0.0,0.0,0.5,1.0,0.3333333333333333,1.0,0.25,1.0,0.2,1.0,0.16666666666666666,1.0
doi_alpha03_beta07,35,Jsc07302,returning,1,7,0.0,0.0,0.0,0.0,0.0,0.0,0.0,0.0,0.2,1.0,0.16666666666666666,1.0
doi_alpha0_beta1,35,Jsc07302,returning,1,7,0.0,0.0,0.0,0.0,0.0,0.0,0.0,0.0,0.2,1.0,0.16666666666666666,1.0
doi_alpha1_beta0,63,Acornlord,firstTime,2,7,0.0,0.0,0.0,0.0,0.0,0.0,0.0,0.0,0.0,0.0,0.16666666666666666,0.5
random,63,Acornlord,firstTime,2,7,0.0,0.0,0.0,0.0,0.0,0.0,0.0,0.0,0.0,0.0,0.16666666666666666,0.5
doi_alpha1_beta0,71,Acornlord,returning,1,7,0.0,0.0,0.0,0.0,0.0,0.0,0.0,0.0,0.0,0.0,0.0,0.0
random,71,Acornlord,returning,1,7,0.0,0.0,0.0,0.0,0.0,0.0,0.0,0.0,0.0,0.0,0.0,0.0
doi_alpha03_beta07,71,Acornlord,returning,1,7,0.0,0.0,0.0,0.0,0.0,0.0,0.0,0.0,0.0,0.0,0.0,0.0
doi_alpha0_beta1,71,Acornlord,returning,1,7,0.0,0.0,0.0,0.0,0.0,0.0,0.0,0.0,0.0,0.0,0.0,0.0
doi_alpha1_beta0,74,Acornlord,returning,2,8,0.0,0.0,0.0,0.0,0.0,0.0,0.0,0.0,0.0,0.0,0.16666666666666666,0.5,0.14285714285714285,0.5
random,74,Acornlord,returning,2,8,0.0,0.0,0.0,0.0,0.0,0.0,0.0,0.0,0.0,0.0,0.0,0.0,0.14285714285714285,0.5
doi_alpha03_beta07,74,Acornlord,returning,2,8,0.0,0.0,0.0,0.0,0.0,0.0,0.0,0.0,0.0,0.0,0.16666666666666666,0.5,0.14285714285714285,0.5
doi_alpha0_beta1,74,Acornlord,returning,2,8,0.0,0.0,0.0,0.0,0.0,0.0,0.0,0.0,0.0,0.0,0.16666666666666666,0.5,0.14285714285714285,0.5
doi_alpha1_beta0,76,Fuzheado,returning,2,8,0.0,0.0,0.0,0.0,0.0,0.0,0.0,0.0,0.0,0.0,0.16666666666666666,0.5,0.14285714285714285,0.5
random,76,Fuzheado,returning,2,8,0.0,0.0,0.5,0.5,0.3333333333333333,0.5,0.25,0.5,0.2,0.5,0.16666666666666666,0.5,0.14285714285714285,0.5
doi_alpha03_beta07,76,Fuzheado,returning,2,8,0.0,0.0,0.0,0.0,0.0,0.0,0.0,0.0,0.2,0.5,0.16666666666666666,0.5,0.14285714285714285,0.5
doi_alpha0_beta1,76,Fuzheado,returning,2,8,0.0,0.0,0.0,0.0,0.0,0.0,0.0,0.0,0.2,0.5,0.16666666666666666,0.5,0.14285714285714285,0.5
doi_alpha1_beta0,86,Chrisn4255,returning,1,9,0.0,0.0,0.0,0.0,0.0,0.0,0.0,0.0,0.0,0.0,0.0,0.0,0.0,0.0,0.125,1.0
random,86,Chrisn4255,returning,1,9,0.0,0.0,0.0,0.0,0.0,0.0,0.25,1.0,0.2,1.0,0.16666666666666666,1.0,0.14285714285714285,1.0,0.125,1.0
doi_alpha03_beta07,86,Chrisn4255,returning,1,9,0.0,0.0,0.0,0.0,0.0,0.0,0.0,0.0,0.2,1.0,0.16666666666666666,1.0,0.14285714285714285,1.0,0.125,1.0
doi_alpha0_beta1,86,Chrisn4255,returning,1,9,0.0,0.0,0.0,0.0,0.0,0.0,0.0,0.0,0.2,1.0,0.16666666666666666,1.0,0.14285714285714285,1.0,0.125,1.0
doi_alpha1_beta0,97,Jsc07302,returning,1,8,0.0,0.0,0.0,0.0,0.0,0.0,0.0,0.0,0.0,0.0,0.0,0.0,0.14285714285714285,1.0
random,97,Jsc07302,returning,1,8,0.0,0.0,0.0,0.0,0.0,0.0,0.0,0.0,0.0,0.0,0.16666666666666666,1.0,0.14285714285714285,1.0
doi_alpha03_beta07,97,Jsc07302,returning,1,8,0.0,0.0,0.0,0.0,0.0,0.0,0.0,0.0,0.0,0.0,0.0,0.0,0.14285714285714285,1.0
doi_alpha0_beta1,97,Jsc07302,returning,1,8,0.0,0.0,0.0,0.0,0.0,0.0,0.0,0.0,0.0,0.0,0.0,0.0,0.0,0.0
doi_alpha1_beta0,106,Quinwound,firstTime,1,8,0.0,0.0,0.0,0.0,0.0,0.0,0.0,0.0,0.0,0.0,0.0,0.0,0.0,0.0
random,106,Quinwound,firstTime,1,8,0.0,0.0,0.0,0.0,0.0,0.0,0.0,0.0,0.2,1.0,0.16666666666666666,1.0,0.14285714285714285,1.0
doi_alpha1_beta0,134,Sky,firstTime,1,7,0.0,0.0,0.0,0.0,0.3333333333333333,1.0,0.25,1.0,0.2,1.0,0.16666666666666666,1.0
random,134,Sky,firstTime,1,7,0.0,0.0,0.0,0.0,0.0,0.0,0.25,1.0,0.2,1.0,0.16666666666666666,1.0
doi_alpha1_beta0,137,Nunh-huh,returning,1,8,0.0,0.0,0.0,0.0,0.0,0.0,0.0,0.0,0.0,0.0,0.0,0.0,0.0,0.0
random,137,Nunh-huh,returning,1,8,0.0,0.0,0.0,0.0,0.0,0.0,0.0,0.0,0.0,0.0,0.0,0.0,0.0,0.0
doi_alpha03_beta07,137,Nunh-huh,returning,1,8,0.0,0.0,0.0,0.0,0.0,0.0,0.0,0.0,0.0,0.0,0.0,0.0,0.0,0.0
doi_alpha0_beta1,137,Nunh-huh,returning,1,8,0.0,0.0,0.0,0.0,0.0,0.0,0.0,0.0,0.0,0.0,0.0,0.0,0.0,0.0
doi_alpha1_beta0,142,Bbpen,firstTime,1,10,0.0,0.0,0.0,0.0,0.0,0.0,0.0,0.0,0.0,0.0,0.0,0.0,0.0,0.0,0.0,0.0,0.0,0.0
random,142,Bbpen,firstTime,1,10,0.0,0.0,0.0,0.0,0.0,0.0,0.0,0.0,0.0,0.0,0.0,0.0,0.0,0.0,0.0,0.0,0.0,0.0
doi_alpha1_beta0,170,Niteowlneils,firstTime,3,10,0.0,0.0,0.0,0.0,0.0,0.0,0.0,0.0,0.0,0.0,0.16666666666666666,0.3333333333333333,0.14285714285714285,0.3333333333333333,0.125,0.3333333333333333,0.1111111111111111,0.3333333333333333
random,170,Niteowlneils,firstTime,3,10,0.0,0.0,0.0,0.0,0.0,0.0,0.0,0.0,0.0,0.0,0.0,0.0,0.14285714285714285,0.3333333333333333,0.125,0.3333333333333333,0.1111111111111111,0.3333333333333333
doi_alpha1_beta0,180,Fuzheado,returning,1,11,0.0,0.0,0.0,0.0,0.0,0.0,0.0,0.0,0.0,0.0,0.0,0.0,0.0,0.0,0.0,0.0,0.1111111111111111,1.0,0.1,1.0
random,180,Fuzheado,returning,1,11,0.0,0.0,0.0,0.0,0.0,0.0,0.0,0.0,0.0,0.0,0.0,0.0,0.0,0.0,0.0,0.0,0.0,0.0,0.0,0.0
doi_alpha03_beta07,180,Fuzheado,returning,1,11,0.0,0.0,0.0,0.0,0.0,0.0,0.0,0.0,0.0,0.0,0.16666666666666666,1.0,0.14285714285714285,1.0,0.125,1.0,0.1111111111111111,1.0,0.1,1.0
doi_alpha0_beta1,180,Fuzheado,returning,1,11,0.0,0.0,0.0,0.0,0.0,0.0,0.0,0.0,0.0,0.0,0.16666666666666666,1.0,0.14285714285714285,1.0,0.125,1.0,0.1111111111111111,1.0,0.1,1.0
doi_alpha1_beta0,184,Fenster,firstTime,2,11,1.0,0.5,0.5,0.5,0.3333333333333333,0.5,0.25,0.5,0.2,0.5,0.16666666666666666,0.5,0.14285714285714285,0.5,0.125,0.5,0.2222222222222222,1.0,0.2,1.0
random,184,Fenster,firstTime,2,11,0.0,0.0,0.0,0.0,0.0,0.0,0.25,0.5,0.2,0.5,0.16666666666666666,0.5,0.14285714285714285,0.5,0.25,1.0,0.2222222222222222,1.0,0.2,1.0
doi_alpha1_beta0,189,Quicksilver,firstTime,3,9,0.0,0.0,0.0,0.0,0.0,0.0,0.0,0.0,0.0,0.0,0.0,0.0,0.0,0.0,0.0,0.0
random,189,Quicksilver,firstTime,3,9,1.0,0.3333333333333333,0.5,0.3333333333333333,0.3333333333333333,0.3333333333333333,0.25,0.3333333333333333,0.2,0.3333333333333333,0.16666666666666666,0.3333333333333333,0.14285714285714285,0.3333333333333333,0.125,0.3333333333333333
doi_alpha1_beta0,194,Feitclub,firstTime,1,10,1.0,1.0,0.5,1.0,0.3333333333333333,1.0,0.25,1.0,0.2,1.0,0.16666666666666666,1.0,0.14285714285714285,1.0,0.125,1.0,0.1111111111111111,1.0
random,194,Feitclub,firstTime,1,10,0.0,0.0,0.0,0.0,0.0,0.0,0.0,0.0,0.0,0.0,0.0,0.0,0.0,0.0,0.0,0.0,0.0,0.0
doi_alpha1_beta0,205,Mattlary,firstTime,2,9,0.0,0.0,0.0,0.0,0.0,0.0,0.0,0.0,0.0,0.0,0.16666666666666666,0.5,0.14285714285714285,0.5,0.125,0.5
random,205,Mattlary,firstTime,2,9,0.0,0.0,0.5,0.5,0.3333333333333333,0.5,0.25,0.5,0.2,0.5,0.16666666666666666,0.5,0.14285714285714285,0.5,0.125,0.5
doi_alpha1_beta0,208,Sina,firstTime,15,10,0.0,0.0,0.0,0.0,0.0,0.0,0.0,0.0,0.0,0.0,0.0,0.0,0.0,0.0,0.0,0.0,0.0,0.0
random,208,Sina,firstTime,15,10,0.0,0.0,0.0,0.0,0.0,0.0,0.0,0.0,0.0,0.0,0.0,0.0,0.0,0.0,0.0,0.0,0.0,0.0
doi_alpha1_beta0,210,DarkCrusader,firstTime,12,24,0.0,0.0,0.0,0.0,0.0,0.0,0.0,0.0,0.0,0.0,0.0,0.0,0.0,0.0,0.0,0.0,0.0,0.0,0.0,0.0,0.09090909090909091,0.08333333333333333,0.16666666666666666,0.16666666666666666,0.23076923076923078,0.25,0.2857142857142857,0.3333333333333333,0.3333333333333333,0.4166666666666667,0.375,0.5,0.4117647058823529,0.5833333333333334,0.4444444444444444,0.6666666666666666,0.47368421052631576,0.75,0.5,0.8333333333333334,0.5238095238095238,0.9166666666666666,0.5454545454545454,1.0,0.5217391304347826,1.0
random,210,DarkCrusader,firstTime,12,24,0.0,0.0,0.5,0.08333333333333333,0.6666666666666666,0.16666666666666666,0.75,0.25,0.6,0.25,0.6666666666666666,0.3333333333333333,0.5714285714285714,0.3333333333333333,0.625,0.4166666666666667,0.5555555555555556,0.4166666666666667,0.5,0.4166666666666667,0.45454545454545453,0.4166666666666667,0.5,0.5,0.46153846153846156,0.5,0.42857142857142855,0.5,0.4666666666666667,0.5833333333333334,0.5,0.6666666666666666,0.5294117647058824,0.75,0.5,0.75,0.47368421052631576,0.75,0.5,0.8333333333333334,0.47619047619047616,0.8333333333333334,0.45454545454545453,0.8333333333333334,0.4782608695652174,0.9166666666666666
doi_alpha1_beta0,213,WikCorn,firstTime,1,12,0.0,0.0,0.0,0.0,0.0,0.0,0.0,0.0,0.0,0.0,0.0,0.0,0.0,0.0,0.0,0.0,0.0,0.0,0.0,0.0,0.09090909090909091,1.0
random,213,WikCorn,firstTime,1,12,0.0,0.0,0.0,0.0,0.0,0.0,0.0,0.0,0.0,0.0,0.16666666666666666,1.0,0.14285714285714285,1.0,0.125,1.0,0.1111111111111111,1.0,0.1,1.0,0.09090909090909091,1.0
doi_alpha1_beta0,227,Infrogmation,firstTime,1,21,0.0,0.0,0.0,0.0,0.0,0.0,0.0,0.0,0.0,0.0,0.0,0.0,0.0,0.0,0.0,0.0,0.0,0.0,0.0,0.0,0.0,0.0,0.0,0.0,0.0,0.0,0.0,0.0,0.06666666666666667,1.0,0.0625,1.0,0.058823529411764705,1.0,0.05555555555555555,1.0,0.05263157894736842,1.0,0.05,1.0
random,227,Infrogmation,firstTime,1,21,0.0,0.0,0.0,0.0,0.0,0.0,0.0,0.0,0.0,0.0,0.16666666666666666,1.0,0.14285714285714285,1.0,0.125,1.0,0.1111111111111111,1.0,0.1,1.0,0.09090909090909091,1.0,0.08333333333333333,1.0,0.07692307692307693,1.0,0.07142857142857142,1.0,0.06666666666666667,1.0,0.0625,1.0,0.058823529411764705,1.0,0.05555555555555555,1.0,0.05263157894736842,1.0,0.05,1.0
doi_alpha1_beta0,230,Nunh-huh,returning,2,20,0.0,0.0,0.0,0.0,0.0,0.0,0.0,0.0,0.0,0.0,0.0,0.0,0.0,0.0,0.0,0.0,0.0,0.0,0.0,0.0,0.0,0.0,0.0,0.0,0.0,0.0,0.0,0.0,0.0,0.0,0.0,0.0,0.0,0.0,0.0,0.0,0.05263157894736842,0.5
random,230,Nunh-huh,returning,2,20,0.0,0.0,0.0,0.0,0.0,0.0,0.0,0.0,0.0,0.0,0.0,0.0,0.0,0.0,0.0,0.0,0.0,0.0,0.1,0.5,0.09090909090909091,0.5,0.08333333333333333,0.5,0.07692307692307693,0.5,0.07142857142857142,0.5,0.06666666666666667,0.5,0.0625,0.5,0.058823529411764705,0.5,0.05555555555555555,0.5,0.05263157894736842,0.5
doi_alpha03_beta07,230,Nunh-huh,returning,2,20,0.0,0.0,0.0,0.0,0.0,0.0,0.0,0.0,0.0,0.0,0.0,0.0,0.0,0.0,0.0,0.0,0.0,0.0,0.0,0.0,0.0,0.0,0.0,0.0,0.0,0.0,0.0,0.0,0.06666666666666667,0.5,0.0625,0.5,0.058823529411764705,0.5,0.05555555555555555,0.5,0.05263157894736842,0.5
doi_alpha0_beta1,230,Nunh-huh,returning,2,20,0.0,0.0,0.0,0.0,0.0,0.0,0.0,0.0,0.0,0.0,0.0,0.0,0.0,0.0,0.0,0.0,0.1111111111111111,0.5,0.1,0.5,0.09090909090909091,0.5,0.08333333333333333,0.5,0.07692307692307693,0.5,0.07142857142857142,0.5,0.06666666666666667,0.5,0.0625,0.5,0.058823529411764705,0.5,0.05555555555555555,0.5,0.05263157894736842,0.5
doi_alpha1_beta0,235,Omnibus,firstTime,1,20,0.0,0.0,0.0,0.0,0.0,0.0,0.0,0.0,0.0,0.0,0.0,0.0,0.0,0.0,0.0,0.0,0.0,0.0,0.0,0.0,0.0,0.0,0.08333333333333333,1.0,0.07692307692307693,1.0,0.07142857142857142,1.0,0.06666666666666667,1.0,0.0625,1.0,0.058823529411764705,1.0,0.05555555555555555,1.0,0.05263157894736842,1.0
random,235,Omnibus,firstTime,1,20,0.0,0.0,0.0,0.0,0.0,0.0,0.0,0.0,0.0,0.0,0.0,0.0,0.0,0.0,0.0,0.0,0.0,0.0,0.0,0.0,0.0,0.0,0.0,0.0,0.0,0.0,0.0,0.0,0.0,0.0,0.0,0.0,0.0,0.0,0.05555555555555555,1.0,0.05263157894736842,1.0
doi_alpha1_beta0,242,Mirv,firstTime,2,19,0.0,0.0,0.0,0.0,0.0,0.0,0.0,0.0,0.0,0.0,0.0,0.0,0.14285714285714285,0.5,0.125,0.5,0.1111111111111111,0.5,0.1,0.5,0.09090909090909091,0.5,0.08333333333333333,0.5,0.07692307692307693,0.5,0.07142857142857142,0.5,0.06666666666666667,0.5,0.0625,0.5,0.058823529411764705,0.5,0.05555555555555555,0.5
random,242,Mirv,firstTime,2,19,0.0,0.0,0.0,0.0,0.3333333333333333,0.5,0.25,0.5,0.2,0.5,0.16666666666666666,0.5,0.14285714285714285,0.5,0.125,0.5,0.1111111111111111,0.5,0.1,0.5,0.09090909090909091,0.5,0.08333333333333333,0.5,0.07692307692307693,0.5,0.07142857142857142,0.5,0.06666666666666667,0.5,0.0625,0.5,0.058823529411764705,0.5,0.05555555555555555,0.5
doi_alpha1_beta0,245,Ropcat,firstTime,1,20,0.0,0.0,0.0,0.0,0.0,0.0,0.0,0.0,0.0,0.0,0.0,0.0,0.0,0.0,0.0,0.0,0.0,0.0,0.0,0.0,0.0,0.0,0.0,0.0,0.0,0.0,0.0,0.0,0.0,0.0,0.0,0.0,0.0,0.0,0.0,0.0,0.05263157894736842,1.0
random,245,Ropcat,firstTime,1,20,0.0,0.0,0.0,0.0,0.3333333333333333,1.0,0.25,1.0,0.2,1.0,0.16666666666666666,1.0,0.14285714285714285,1.0,0.125,1.0,0.1111111111111111,1.0,0.1,1.0,0.09090909090909091,1.0,0.08333333333333333,1.0,0.07692307692307693,1.0,0.07142857142857142,1.0,0.06666666666666667,1.0,0.0625,1.0,0.058823529411764705,1.0,0.05555555555555555,1.0,0.05263157894736842,1.0
doi_alpha1_beta0,246,Uris,returning,1,20,0.0,0.0,0.0,0.0,0.0,0.0,0.0,0.0,0.0,0.0,0.0,0.0,0.0,0.0,0.0,0.0,0.0,0.0,0.0,0.0,0.0,0.0,0.0,0.0,0.0,0.0,0.0,0.0,0.0,0.0,0.0,0.0,0.0,0.0,0.0,0.0,0.0,0.0
random,246,Uris,returning,1,20,0.0,0.0,0.0,0.0,0.0,0.0,0.0,0.0,0.0,0.0,0.0,0.0,0.0,0.0,0.0,0.0,0.0,0.0,0.0,0.0,0.0,0.0,0.0,0.0,0.0,0.0,0.0,0.0,0.0,0.0,0.0,0.0,0.0,0.0,0.0,0.0,0.0,0.0
doi_alpha03_beta07,246,Uris,returning,1,20,0.0,0.0,0.0,0.0,0.0,0.0,0.0,0.0,0.0,0.0,0.0,0.0,0.0,0.0,0.0,0.0,0.0,0.0,0.0,0.0,0.0,0.0,0.0,0.0,0.0,0.0,0.0,0.0,0.0,0.0,0.0,0.0,0.0,0.0,0.0,0.0,0.0,0.0
doi_alpha0_beta1,246,Uris,returning,1,20,0.0,0.0,0.0,0.0,0.0,0.0,0.0,0.0,0.0,0.0,0.0,0.0,0.0,0.0,0.0,0.0,0.0,0.0,0.0,0.0,0.0,0.0,0.0,0.0,0.0,0.0,0.0,0.0,0.0,0.0,0.0,0.0,0.0,0.0,0.0,0.0,0.0,0.0
doi_alpha1_beta0,247,Barndawgie,firstTime,1,21,0.0,0.0,0.0,0.0,0.0,0.0,0.0,0.0,0.0,0.0,0.0,0.0,0.0,0.0,0.0,0.0,0.0,0.0,0.0,0.0,0.0,0.0,0.0,0.0,0.0,0.0,0.0,0.0,0.0,0.0,0.0625,1.0,0.058823529411764705,1.0,0.05555555555555555,1.0,0.05263157894736842,1.0,0.05,1.0
random,247,Barndawgie,firstTime,1,21,0.0,0.0,0.0,0.0,0.0,0.0,0.25,1.0,0.2,1.0,0.16666666666666666,1.0,0.14285714285714285,1.0,0.125,1.0,0.1111111111111111,1.0,0.1,1.0,0.09090909090909091,1.0,0.08333333333333333,1.0,0.07692307692307693,1.0,0.07142857142857142,1.0,0.06666666666666667,1.0,0.0625,1.0,0.058823529411764705,1.0,0.05555555555555555,1.0,0.05263157894736842,1.0,0.05,1.0
doi_alpha1_beta0,252,Danny,firstTime,1,21,0.0,0.0,0.0,0.0,0.0,0.0,0.0,0.0,0.0,0.0,0.0,0.0,0.0,0.0,0.0,0.0,0.0,0.0,0.0,0.0,0.0,0.0,0.0,0.0,0.0,0.0,0.0,0.0,0.0,0.0,0.0,0.0,0.0,0.0,0.0,0.0,0.0,0.0,0.0,0.0
random,252,Danny,firstTime,1,21,0.0,0.0,0.0,0.0,0.0,0.0,0.0,0.0,0.0,0.0,0.0,0.0,0.0,0.0,0.0,0.0,0.0,0.0,0.0,0.0,0.0,0.0,0.0,0.0,0.0,0.0,0.0,0.0,0.0,0.0,0.0,0.0,0.0,0.0,0.0,0.0,0.0,0.0,0.0,0.0
doi_alpha1_beta0,256,Gzuckier,firstTime,73,22,0.0,0.0,0.0,0.0,0.0,0.0,0.0,0.0,0.2,0.0136986301369863,0.16666666666666666,0.0136986301369863,0.14285714285714285,0.0136986301369863,0.125,0.0136986301369863,0.1111111111111111,0.0136986301369863,0.1,0.0136986301369863,0.09090909090909091,0.0136986301369863,0.08333333333333333,0.0136986301369863,0.07692307692307693,0.0136986301369863,0.07142857142857142,0.0136986301369863,0.06666666666666667,0.0136986301369863,0.0625,0.0136986301369863,0.058823529411764705,0.0136986301369863,0.05555555555555555,0.0136986301369863,0.05263157894736842,0.0136986301369863,0.05,0.0136986301369863,0.09523809523809523,0.0273972602739726
random,256,Gzuckier,firstTime,73,22,0.0,0.0,0.5,0.0136986301369863,0.3333333333333333,0.0136986301369863,0.25,0.0136986301369863,0.2,0.0136986301369863,0.3333333333333333,0.0273972602739726,0.2857142857142857,0.0273972602739726,0.25,0.0273972602739726,0.2222222222222222,0.0273972602739726,0.2,0.0273972602739726,0.18181818181818182,0.0273972602739726,0.16666666666666666,0.0273972602739726,0.15384615384615385,0.0273972602739726,0.14285714285714285,0.0273972602739726,0.13333333333333333,0.0273972602739726,0.125,0.0273972602739726,0.11764705882352941,0.0273972602739726,0.1111111111111111,0.0273972602739726,0.10526315789473684,0.0273972602739726,0.1,0.0273972602739726,0.09523809523809523,0.0273972602739726
doi_alpha1_beta0,265,Bbpen,returning,1,26,0.0,0.0,0.0,0.0,0.0,0.0,0.0,0.0,0.0,0.0,0.0,0.0,0.0,0.0,0.0,0.0,0.0,0.0,0.0,0.0,0.0,0.0,0.0,0.0,0.0,0.0,0.0,0.0,0.0,0.0,0.0,0.0,0.0,0.0,0.0,0.0,0.0,0.0,0.0,0.0,0.0,0.0,0.0,0.0,0.0,0.0,0.0,0.0,0.0,0.0
random,265,Bbpen,returning,1,26,0.0,0.0,0.0,0.0,0.0,0.0,0.0,0.0,0.0,0.0,0.0,0.0,0.0,0.0,0.0,0.0,0.0,0.0,0.0,0.0,0.0,0.0,0.0,0.0,0.0,0.0,0.0,0.0,0.0,0.0,0.0,0.0,0.0,0.0,0.0,0.0,0.0,0.0,0.0,0.0,0.0,0.0,0.0,0.0,0.0,0.0,0.0,0.0,0.0,0.0
doi_alpha03_beta07,265,Bbpen,returning,1,26,0.0,0.0,0.0,0.0,0.0,0.0,0.0,0.0,0.0,0.0,0.0,0.0,0.0,0.0,0.0,0.0,0.0,0.0,0.0,0.0,0.0,0.0,0.0,0.0,0.0,0.0,0.0,0.0,0.0,0.0,0.0,0.0,0.0,0.0,0.0,0.0,0.0,0.0,0.0,0.0,0.0,0.0,0.0,0.0,0.0,0.0,0.0,0.0,0.0,0.0
doi_alpha0_beta1,265,Bbpen,returning,1,26,0.0,0.0,0.0,0.0,0.0,0.0,0.0,0.0,0.0,0.0,0.0,0.0,0.0,0.0,0.0,0.0,0.0,0.0,0.0,0.0,0.0,0.0,0.0,0.0,0.0,0.0,0.0,0.0,0.0,0.0,0.0,0.0,0.0,0.0,0.0,0.0,0.0,0.0,0.0,0.0,0.0,0.0,0.0,0.0,0.0,0.0,0.0,0.0,0.0,0.0
doi_alpha1_beta0,270,Remes,firstTime,1,27,0.0,0.0,0.0,0.0,0.0,0.0,0.0,0.0,0.0,0.0,0.0,0.0,0.0,0.0,0.0,0.0,0.0,0.0,0.0,0.0,0.0,0.0,0.0,0.0,0.0,0.0,0.0,0.0,0.0,0.0,0.0,0.0,0.0,0.0,0.0,0.0,0.0,0.0,0.0,0.0,0.0,0.0,0.0,0.0,0.0,0.0,0.0,0.0,0.0,0.0,0.0,0.0
random,270,Remes,firstTime,1,27,0.0,0.0,0.0,0.0,0.0,0.0,0.0,0.0,0.0,0.0,0.0,0.0,0.0,0.0,0.0,0.0,0.0,0.0,0.0,0.0,0.0,0.0,0.0,0.0,0.0,0.0,0.0,0.0,0.0,0.0,0.0,0.0,0.0,0.0,0.0,0.0,0.0,0.0,0.0,0.0,0.0,0.0,0.0,0.0,0.0,0.0,0.0,0.0,0.0,0.0,0.0,0.0
doi_alpha1_beta0,273,BD2412,firstTime,1,28,0.0,0.0,0.0,0.0,0.0,0.0,0.0,0.0,0.0,0.0,0.0,0.0,0.0,0.0,0.0,0.0,0.0,0.0,0.0,0.0,0.0,0.0,0.0,0.0,0.0,0.0,0.0,0.0,0.0,0.0,0.0,0.0,0.0,0.0,0.0,0.0,0.0,0.0,0.0,0.0,0.0,0.0,0.0,0.0,0.0,0.0,0.0,0.0,0.0,0.0,0.0,0.0,0.0,0.0
random,273,BD2412,firstTime,1,28,0.0,0.0,0.0,0.0,0.0,0.0,0.0,0.0,0.0,0.0,0.0,0.0,0.0,0.0,0.0,0.0,0.0,0.0,0.0,0.0,0.0,0.0,0.0,0.0,0.0,0.0,0.0,0.0,0.0,0.0,0.0,0.0,0.0,0.0,0.0,0.0,0.0,0.0,0.0,0.0,0.0,0.0,0.0,0.0,0.0,0.0,0.0,0.0,0.0,0.0,0.0,0.0,0.0,0.0
doi_alpha1_beta0,293,Gzuckier,returning,1,28,0.0,0.0,0.0,0.0,0.0,0.0,0.0,0.0,0.0,0.0,0.0,0.0,0.0,0.0,0.0,0.0,0.0,0.0,0.0,0.0,0.0,0.0,0.0,0.0,0.0,0.0,0.0,0.0,0.0,0.0,0.0,0.0,0.0,0.0,0.0,0.0,0.0,0.0,0.0,0.0,0.0,0.0,0.0,0.0,0.0,0.0,0.0,0.0,0.0,0.0,0.0,0.0,0.0,0.0
random,293,Gzuckier,returning,1,28,0.0,0.0,0.0,0.0,0.0,0.0,0.0,0.0,0.0,0.0,0.0,0.0,0.0,0.0,0.0,0.0,0.0,0.0,0.0,0.0,0.0,0.0,0.0,0.0,0.0,0.0,0.0,0.0,0.0,0.0,0.0,0.0,0.0,0.0,0.0,0.0,0.0,0.0,0.0,0.0,0.0,0.0,0.0,0.0,0.0,0.0,0.0,0.0,0.0,0.0,0.0,0.0,0.0,0.0
doi_alpha03_beta07,293,Gzuckier,returning,1,28,0.0,0.0,0.0,0.0,0.0,0.0,0.0,0.0,0.0,0.0,0.0,0.0,0.0,0.0,0.0,0.0,0.0,0.0,0.0,0.0,0.0,0.0,0.0,0.0,0.0,0.0,0.0,0.0,0.0,0.0,0.0,0.0,0.0,0.0,0.0,0.0,0.0,0.0,0.0,0.0,0.0,0.0,0.0,0.0,0.0,0.0,0.0,0.0,0.0,0.0,0.0,0.0,0.0,0.0
doi_alpha0_beta1,293,Gzuckier,returning,1,28,0.0,0.0,0.0,0.0,0.0,0.0,0.0,0.0,0.0,0.0,0.0,0.0,0.0,0.0,0.0,0.0,0.0,0.0,0.0,0.0,0.0,0.0,0.0,0.0,0.0,0.0,0.0,0.0,0.0,0.0,0.0,0.0,0.0,0.0,0.0,0.0,0.0,0.0,0.0,0.0,0.0,0.0,0.0,0.0,0.0,0.0,0.0,0.0,0.0,0.0,0.0,0.0,0.0,0.0
doi_alpha1_beta0,301,CoolGuy,returning,1,33,0.0,0.0,0.0,0.0,0.0,0.0,0.0,0.0,0.0,0.0,0.0,0.0,0.0,0.0,0.0,0.0,0.0,0.0,0.0,0.0,0.0,0.0,0.0,0.0,0.0,0.0,0.0,0.0,0.0,0.0,0.0,0.0,0.0,0.0,0.0,0.0,0.0,0.0,0.0,0.0,0.0,0.0,0.0,0.0,0.0,0.0,0.0,0.0,0.0,0.0,0.0,0.0,0.0,0.0,0.0,0.0,0.0,0.0,0.0,0.0,0.0,0.0,0.0,0.0
random,301,CoolGuy,returning,1,33,0.0,0.0,0.0,0.0,0.0,0.0,0.0,0.0,0.0,0.0,0.0,0.0,0.0,0.0,0.0,0.0,0.0,0.0,0.0,0.0,0.0,0.0,0.0,0.0,0.0,0.0,0.0,0.0,0.0,0.0,0.0,0.0,0.0,0.0,0.0,0.0,0.0,0.0,0.0,0.0,0.0,0.0,0.0,0.0,0.0,0.0,0.0,0.0,0.0,0.0,0.0,0.0,0.0,0.0,0.0,0.0,0.0,0.0,0.0,0.0,0.0,0.0,0.0,0.0
doi_alpha03_beta07,301,CoolGuy,returning,1,33,0.0,0.0,0.0,0.0,0.0,0.0,0.0,0.0,0.0,0.0,0.0,0.0,0.0,0.0,0.0,0.0,0.0,0.0,0.0,0.0,0.0,0.0,0.0,0.0,0.0,0.0,0.0,0.0,0.0,0.0,0.0,0.0,0.0,0.0,0.0,0.0,0.0,0.0,0.0,0.0,0.0,0.0,0.0,0.0,0.0,0.0,0.0,0.0,0.0,0.0,0.0,0.0,0.0,0.0,0.0,0.0,0.0,0.0,0.0,0.0,0.0,0.0,0.0,0.0
doi_alpha0_beta1,301,CoolGuy,returning,1,33,0.0,0.0,0.0,0.0,0.0,0.0,0.0,0.0,0.0,0.0,0.0,0.0,0.0,0.0,0.0,0.0,0.0,0.0,0.0,0.0,0.0,0.0,0.0,0.0,0.0,0.0,0.0,0.0,0.0,0.0,0.0,0.0,0.0,0.0,0.0,0.0,0.0,0.0,0.0,0.0,0.0,0.0,0.0,0.0,0.0,0.0,0.0,0.0,0.0,0.0,0.0,0.0,0.0,0.0,0.0,0.0,0.0,0.0,0.0,0.0,0.0,0.0,0.0,0.0
doi_alpha1_beta0,302,Nohat,returning,1,34,0.0,0.0,0.0,0.0,0.3333333333333333,1.0,0.25,1.0,0.2,1.0,0.16666666666666666,1.0,0.14285714285714285,1.0,0.125,1.0,0.1111111111111111,1.0,0.1,1.0,0.09090909090909091,1.0,0.08333333333333333,1.0,0.07692307692307693,1.0,0.07142857142857142,1.0,0.06666666666666667,1.0,0.0625,1.0,0.058823529411764705,1.0,0.05555555555555555,1.0,0.05263157894736842,1.0,0.05,1.0,0.047619047619047616,1.0,0.045454545454545456,1.0,0.043478260869565216,1.0,0.041666666666666664,1.0,0.04,1.0,0.038461538461538464,1.0,0.037037037037037035,1.0,0.03571428571428571,1.0,0.034482758620689655,1.0,0.03333333333333333,1.0,0.03225806451612903,1.0,0.03125,1.0,0.030303030303030304,1.0
random,302,Nohat,returning,1,34,0.0,0.0,0.0,0.0,0.0,0.0,0.0,0.0,0.0,0.0,0.0,0.0,0.0,0.0,0.0,0.0,0.0,0.0,0.0,0.0,0.0,0.0,0.0,0.0,0.0,0.0,0.0,0.0,0.0,0.0,0.0,0.0,0.0,0.0,0.0,0.0,0.0,0.0,0.0,0.0,0.0,0.0,0.0,0.0,0.0,0.0,0.0,0.0,0.0,0.0,0.0,0.0,0.0,0.0,0.03571428571428571,1.0,0.034482758620689655,1.0,0.03333333333333333,1.0,0.03225806451612903,1.0,0.03125,1.0,0.030303030303030304,1.0
doi_alpha03_beta07,302,Nohat,returning,1,34,0.0,0.0,0.0,0.0,0.0,0.0,0.0,0.0,0.0,0.0,0.0,0.0,0.0,0.0,0.0,0.0,0.0,0.0,0.0,0.0,0.09090909090909091,1.0,0.08333333333333333,1.0,0.07692307692307693,1.0,0.07142857142857142,1.0,0.06666666666666667,1.0,0.0625,1.0,0.058823529411764705,1.0,0.05555555555555555,1.0,0.05263157894736842,1.0,0.05,1.0,0.047619047619047616,1.0,0.045454545454545456,1.0,0.043478260869565216,1.0,0.041666666666666664,1.0,0.04,1.0,0.038461538461538464,1.0,0.037037037037037035,1.0,0.03571428571428571,1.0,0.034482758620689655,1.0,0.03333333333333333,1.0,0.03225806451612903,1.0,0.03125,1.0,0.030303030303030304,1.0
doi_alpha0_beta1,302,Nohat,returning,1,34,0.0,0.0,0.0,0.0,0.0,0.0,0.0,0.0,0.0,0.0,0.0,0.0,0.0,0.0,0.0,0.0,0.0,0.0,0.0,0.0,0.09090909090909091,1.0,0.08333333333333333,1.0,0.07692307692307693,1.0,0.07142857142857142,1.0,0.06666666666666667,1.0,0.0625,1.0,0.058823529411764705,1.0,0.05555555555555555,1.0,0.05263157894736842,1.0,0.05,1.0,0.047619047619047616,1.0,0.045454545454545456,1.0,0.043478260869565216,1.0,0.041666666666666664,1.0,0.04,1.0,0.038461538461538464,1.0,0.037037037037037035,1.0,0.03571428571428571,1.0,0.034482758620689655,1.0,0.03333333333333333,1.0,0.03225806451612903,1.0,0.03125,1.0,0.030303030303030304,1.0
doi_alpha1_beta0,304,Gzuckier,returning,3,34,0.0,0.0,0.0,0.0,0.0,0.0,0.0,0.0,0.0,0.0,0.0,0.0,0.0,0.0,0.0,0.0,0.0,0.0,0.0,0.0,0.0,0.0,0.0,0.0,0.0,0.0,0.0,0.0,0.0,0.0,0.0,0.0,0.0,0.0,0.0,0.0,0.05263157894736842,0.3333333333333333,0.05,0.3333333333333333,0.047619047619047616,0.3333333333333333,0.045454545454545456,0.3333333333333333,0.043478260869565216,0.3333333333333333,0.041666666666666664,0.3333333333333333,0.04,0.3333333333333333,0.038461538461538464,0.3333333333333333,0.037037037037037035,0.3333333333333333,0.03571428571428571,0.3333333333333333,0.06896551724137931,0.6666666666666666,0.06666666666666667,0.6666666666666666,0.06451612903225806,0.6666666666666666,0.0625,0.6666666666666666,0.06060606060606061,0.6666666666666666
random,304,Gzuckier,returning,3,34,0.0,0.0,0.0,0.0,0.0,0.0,0.0,0.0,0.0,0.0,0.0,0.0,0.0,0.0,0.0,0.0,0.0,0.0,0.0,0.0,0.09090909090909091,0.3333333333333333,0.08333333333333333,0.3333333333333333,0.15384615384615385,0.6666666666666666,0.14285714285714285,0.6666666666666666,0.13333333333333333,0.6666666666666666,0.125,0.6666666666666666,0.11764705882352941,0.6666666666666666,0.1111111111111111,0.6666666666666666,0.10526315789473684,0.6666666666666666,0.1,0.6666666666666666,0.09523809523809523,0.6666666666666666,0.09090909090909091,0.6666666666666666,0.08695652173913043,0.6666666666666666,0.08333333333333333,0.6666666666666666,0.08,0.6666666666666666,0.07692307692307693,0.6666666666666666,0.07407407407407407,0.6666666666666666,0.07142857142857142,0.6666666666666666,0.06896551724137931,0.6666666666666666,0.06666666666666667,0.6666666666666666,0.06451612903225806,0.6666666666666666,0.0625,0.6666666666666666,0.06060606060606061,0.6666666666666666
doi_alpha03_beta07,304,Gzuckier,returning,3,34,0.0,0.0,0.0,0.0,0.0,0.0,0.0,0.0,0.0,0.0,0.0,0.0,0.0,0.0,0.0,0.0,0.0,0.0,0.0,0.0,0.0,0.0,0.0,0.0,0.0,0.0,0.0,0.0,0.0,0.0,0.0,0.0,0.0,0.0,0.0,0.0,0.0,0.0,0.05,0.3333333333333333,0.047619047619047616,0.3333333333333333,0.09090909090909091,0.6666666666666666,0.08695652173913043,0.6666666666666666,0.08333333333333333,0.6666666666666666,0.08,0.6666666666666666,0.07692307692307693,0.6666666666666666,0.07407407407407407,0.6666666666666666,0.07142857142857142,0.6666666666666666,0.06896551724137931,0.6666666666666666,0.06666666666666667,0.6666666666666666,0.06451612903225806,0.6666666666666666,0.0625,0.6666666666666666,0.06060606060606061,0.6666666666666666
doi_alpha0_beta1,304,Gzuckier,returning,3,34,0.0,0.0,0.0,0.0,0.0,0.0,0.0,0.0,0.0,0.0,0.0,0.0,0.0,0.0,0.0,0.0,0.0,0.0,0.0,0.0,0.0,0.0,0.0,0.0,0.0,0.0,0.0,0.0,0.0,0.0,0.0,0.0,0.0,0.0,0.0,0.0,0.0,0.0,0.05,0.3333333333333333,0.047619047619047616,0.3333333333333333,0.09090909090909091,0.6666666666666666,0.08695652173913043,0.6666666666666666,0.08333333333333333,0.6666666666666666,0.08,0.6666666666666666,0.07692307692307693,0.6666666666666666,0.07407407407407407,0.6666666666666666,0.07142857142857142,0.6666666666666666,0.06896551724137931,0.6666666666666666,0.06666666666666667,0.6666666666666666,0.06451612903225806,0.6666666666666666,0.0625,0.6666666666666666,0.06060606060606061,0.6666666666666666
doi_alpha1_beta0,309,Nunh-huh,returning,5,35,0.0,0.0,0.0,0.0,0.0,0.0,0.0,0.0,0.0,0.0,0.16666666666666666,0.2,0.14285714285714285,0.2,0.125,0.2,0.1111111111111111,0.2,0.1,0.2,0.09090909090909091,0.2,0.08333333333333333,0.2,0.15384615384615385,0.4,0.14285714285714285,0.4,0.13333333333333333,0.4,0.125,0.4,0.11764705882352941,0.4,0.16666666666666666,0.6,0.15789473684210525,0.6,0.15,0.6,0.19047619047619047,0.8,0.18181818181818182,0.8,0.17391304347826086,0.8,0.16666666666666666,0.8,0.16,0.8,0.15384615384615385,0.8,0.14814814814814814,0.8,0.14285714285714285,0.8,0.13793103448275862,0.8,0.13333333333333333,0.8,0.12903225806451613,0.8,0.15625,1.0,0.15151515151515152,1.0,0.14705882352941177,1.0
random,309,Nunh-huh,returning,5,35,0.0,0.0,0.0,0.0,0.0,0.0,0.0,0.0,0.0,0.0,0.16666666666666666,0.2,0.14285714285714285,0.2,0.125,0.2,0.1111111111111111,0.2,0.1,0.2,0.18181818181818182,0.4,0.16666666666666666,0.4,0.15384615384615385,0.4,0.14285714285714285,0.4,0.13333333333333333,0.4,0.125,0.4,0.11764705882352941,0.4,0.16666666666666666,0.6,0.21052631578947367,0.8,0.2,0.8,0.19047619047619047,0.8,0.18181818181818182,0.8,0.17391304347826086,0.8,0.16666666666666666,0.8,0.16,0.8,0.19230769230769232,1.0,0.18518518518518517,1.0,0.17857142857142858,1.0,0.1724137931034483,1.0,0.16666666666666666,1.0,0.16129032258064516,1.0,0.15625,1.0,0.15151515151515152,1.0,0.14705882352941177,1.0
doi_alpha03_beta07,309,Nunh-huh,returning,5,35,0.0,0.0,0.0,0.0,0.0,0.0,0.0,0.0,0.2,0.2,0.16666666666666666,0.2,0.14285714285714285,0.2,0.125,0.2,0.1111111111111111,0.2,0.1,0.2,0.09090909090909091,0.2,0.08333333333333333,0.2,0.07692307692307693,0.2,0.07142857142857142,0.2,0.06666666666666667,0.2,0.0625,0.2,0.058823529411764705,0.2,0.05555555555555555,0.2,0.10526315789473684,0.4,0.1,0.4,0.09523809523809523,0.4,0.09090909090909091,0.4,0.08695652173913043,0.4,0.08333333333333333,0.4,0.08,0.4,0.07692307692307693,0.4,0.07407407407407407,0.4,0.10714285714285714,0.6,0.13793103448275862,0.8,0.16666666666666666,1.0,0.16129032258064516,1.0,0.15625,1.0,0.15151515151515152,1.0,0.14705882352941177,1.0
doi_alpha0_beta1,309,Nunh-huh,returning,5,35,0.0,0.0,0.0,0.0,0.0,0.0,0.0,0.0,0.2,0.2,0.16666666666666666,0.2,0.14285714285714285,0.2,0.125,0.2,0.1111111111111111,0.2,0.1,0.2,0.09090909090909091,0.2,0.08333333333333333,0.2,0.07692307692307693,0.2,0.07142857142857142,0.2,0.06666666666666667,0.2,0.0625,0.2,0.058823529411764705,0.2,0.05555555555555555,0.2,0.10526315789473684,0.4,0.1,0.4,0.09523809523809523,0.4,0.09090909090909091,0.4,0.08695652173913043,0.4,0.08333333333333333,0.4,0.08,0.4,0.07692307692307693,0.4,0.07407407407407407,0.4,0.10714285714285714,0.6,0.13793103448275862,0.8,0.16666666666666666,1.0,0.16129032258064516,1.0,0.15625,1.0,0.15151515151515152,1.0,0.14705882352941177,1.0
doi_alpha1_beta0,310,Nohat,returning,5,30,0.0,0.0,0.0,0.0,0.0,0.0,0.0,0.0,0.0,0.0,0.0,0.0,0.0,0.0,0.0,0.0,0.0,0.0,0.0,0.0,0.0,0.0,0.0,0.0,0.0,0.0,0.0,0.0,0.0,0.0,0.0,0.0,0.0,0.0,0.0,0.0,0.0,0.0,0.0,0.0,0.0,0.0,0.0,0.0,0.0,0.0,0.0,0.0,0.0,0.0,0.0,0.0,0.0,0.0,0.0,0.0,0.0,0.0
random,310,Nohat,returning,5,30,0.0,0.0,0.0,0.0,0.0,0.0,0.0,0.0,0.0,0.0,0.0,0.0,0.0,0.0,0.0,0.0,0.0,0.0,0.0,0.0,0.0,0.0,0.0,0.0,0.0,0.0,0.0,0.0,0.0,0.0,0.0,0.0,0.0,0.0,0.0,0.0,0.0,0.0,0.0,0.0,0.0,0.0,0.0,0.0,0.0,0.0,0.0,0.0,0.0,0.0,0.0,0.0,0.0,0.0,0.0,0.0,0.0,0.0
doi_alpha03_beta07,310,Nohat,returning,5,30,0.0,0.0,0.0,0.0,0.0,0.0,0.0,0.0,0.0,0.0,0.0,0.0,0.0,0.0,0.0,0.0,0.0,0.0,0.0,0.0,0.0,0.0,0.0,0.0,0.0,0.0,0.0,0.0,0.0,0.0,0.0,0.0,0.0,0.0,0.0,0.0,0.0,0.0,0.0,0.0,0.0,0.0,0.0,0.0,0.0,0.0,0.0,0.0,0.0,0.0,0.0,0.0,0.0,0.0,0.0,0.0,0.0,0.0
doi_alpha0_beta1,310,Nohat,returning,5,30,0.0,0.0,0.0,0.0,0.0,0.0,0.0,0.0,0.0,0.0,0.0,0.0,0.0,0.0,0.0,0.0,0.0,0.0,0.0,0.0,0.0,0.0,0.0,0.0,0.0,0.0,0.0,0.0,0.0,0.0,0.0,0.0,0.0,0.0,0.0,0.0,0.0,0.0,0.0,0.0,0.0,0.0,0.0,0.0,0.0,0.0,0.0,0.0,0.0,0.0,0.0,0.0,0.0,0.0,0.0,0.0,0.0,0.0
doi_alpha1_beta0,311,Gzuckier,returning,1,35,0.0,0.0,0.0,0.0,0.0,0.0,0.0,0.0,0.0,0.0,0.0,0.0,0.0,0.0,0.0,0.0,0.0,0.0,0.0,0.0,0.0,0.0,0.0,0.0,0.0,0.0,0.0,0.0,0.0,0.0,0.0,0.0,0.0,0.0,0.0,0.0,0.0,0.0,0.0,0.0,0.0,0.0,0.0,0.0,0.0,0.0,0.0,0.0,0.0,0.0,0.0,0.0,0.0,0.0,0.0,0.0,0.0,0.0,0.0,0.0,0.0,0.0,0.0,0.0,0.0,0.0,0.0,0.0
random,311,Gzuckier,returning,1,35,0.0,0.0,0.0,0.0,0.0,0.0,0.0,0.0,0.0,0.0,0.0,0.0,0.0,0.0,0.0,0.0,0.0,0.0,0.0,0.0,0.0,0.0,0.0,0.0,0.0,0.0,0.0,0.0,0.0,0.0,0.0,0.0,0.0,0.0,0.0,0.0,0.0,0.0,0.0,0.0,0.0,0.0,0.0,0.0,0.0,0.0,0.0,0.0,0.0,0.0,0.0,0.0,0.0,0.0,0.0,0.0,0.0,0.0,0.0,0.0,0.0,0.0,0.0,0.0,0.0,0.0,0.0,0.0
doi_alpha03_beta07,311,Gzuckier,returning,1,35,0.0,0.0,0.0,0.0,0.0,0.0,0.0,0.0,0.0,0.0,0.0,0.0,0.0,0.0,0.0,0.0,0.0,0.0,0.0,0.0,0.0,0.0,0.0,0.0,0.0,0.0,0.0,0.0,0.0,0.0,0.0,0.0,0.0,0.0,0.0,0.0,0.0,0.0,0.0,0.0,0.0,0.0,0.0,0.0,0.0,0.0,0.0,0.0,0.0,0.0,0.0,0.0,0.0,0.0,0.0,0.0,0.0,0.0,0.0,0.0,0.0,0.0,0.0,0.0,0.0,0.0,0.0,0.0
doi_alpha0_beta1,311,Gzuckier,returning,1,35,0.0,0.0,0.0,0.0,0.0,0.0,0.0,0.0,0.0,0.0,0.0,0.0,0.0,0.0,0.0,0.0,0.0,0.0,0.0,0.0,0.0,0.0,0.0,0.0,0.0,0.0,0.0,0.0,0.0,0.0,0.0,0.0,0.0,0.0,0.0,0.0,0.0,0.0,0.0,0.0,0.0,0.0,0.0,0.0,0.0,0.0,0.0,0.0,0.0,0.0,0.0,0.0,0.0,0.0,0.0,0.0,0.0,0.0,0.0,0.0,0.0,0.0,0.0,0.0,0.0,0.0,0.0,0.0
doi_alpha1_beta0,312,Nunh-huh,returning,3,36,0.0,0.0,0.0,0.0,0.0,0.0,0.0,0.0,0.0,0.0,0.0,0.0,0.0,0.0,0.0,0.0,0.0,0.0,0.0,0.0,0.0,0.0,0.0,0.0,0.0,0.0,0.0,0.0,0.0,0.0,0.0,0.0,0.0,0.0,0.0,0.0,0.0,0.0,0.0,0.0,0.0,0.0,0.0,0.0,0.0,0.0,0.0,0.0,0.0,0.0,0.0,0.0,0.0,0.0,0.0,0.0,0.0,0.0,0.0,0.0,0.0,0.0,0.0,0.0,0.0,0.0,0.0,0.0,0.0,0.0
random,312,Nunh-huh,returning,3,36,0.0,0.0,0.0,0.0,0.0,0.0,0.0,0.0,0.0,0.0,0.0,0.0,0.0,0.0,0.0,0.0,0.0,0.0,0.0,0.0,0.0,0.0,0.0,0.0,0.0,0.0,0.0,0.0,0.0,0.0,0.0,0.0,0.0,0.0,0.0,0.0,0.0,0.0,0.0,0.0,0.0,0.0,0.0,0.0,0.0,0.0,0.0,0.0,0.0,0.0,0.0,0.0,0.0,0.0,0.0,0.0,0.0,0.0,0.0,0.0,0.0,0.0,0.0,0.0,0.0,0.0,0.0,0.0,0.0,0.0
doi_alpha03_beta07,312,Nunh-huh,returning,3,36,0.0,0.0,0.0,0.0,0.0,0.0,0.0,0.0,0.0,0.0,0.0,0.0,0.0,0.0,0.0,0.0,0.0,0.0,0.0,0.0,0.0,0.0,0.0,0.0,0.0,0.0,0.0,0.0,0.0,0.0,0.0,0.0,0.0,0.0,0.0,0.0,0.0,0.0,0.0,0.0,0.0,0.0,0.0,0.0,0.0,0.0,0.0,0.0,0.0,0.0,0.0,0.0,0.0,0.0,0.0,0.0,0.0,0.0,0.0,0.0,0.0,0.0,0.0,0.0,0.0,0.0,0.0,0.0,0.0,0.0
doi_alpha0_beta1,312,Nunh-huh,returning,3,36,0.0,0.0,0.0,0.0,0.0,0.0,0.0,0.0,0.0,0.0,0.0,0.0,0.0,0.0,0.0,0.0,0.0,0.0,0.0,0.0,0.0,0.0,0.0,0.0,0.0,0.0,0.0,0.0,0.0,0.0,0.0,0.0,0.0,0.0,0.0,0.0,0.0,0.0,0.0,0.0,0.0,0.0,0.0,0.0,0.0,0.0,0.0,0.0,0.0,0.0,0.0,0.0,0.0,0.0,0.0,0.0,0.0,0.0,0.0,0.0,0.0,0.0,0.0,0.0,0.0,0.0,0.0,0.0,0.0,0.0
doi_alpha1_beta0,316,CoolGuy,returning,3,40,0.0,0.0,0.0,0.0,0.0,0.0,0.0,0.0,0.0,0.0,0.0,0.0,0.0,0.0,0.0,0.0,0.0,0.0,0.0,0.0,0.0,0.0,0.0,0.0,0.0,0.0,0.0,0.0,0.0,0.0,0.0,0.0,0.0,0.0,0.0,0.0,0.0,0.0,0.0,0.0,0.0,0.0,0.045454545454545456,0.3333333333333333,0.043478260869565216,0.3333333333333333,0.041666666666666664,0.3333333333333333,0.04,0.3333333333333333,0.038461538461538464,0.3333333333333333,0.037037037037037035,0.3333333333333333,0.07142857142857142,0.6666666666666666,0.06896551724137931,0.6666666666666666,0.06666666666666667,0.6666666666666666,0.06451612903225806,0.6666666666666666,0.0625,0.6666666666666666,0.06060606060606061,0.6666666666666666,0.058823529411764705,0.6666666666666666,0.08571428571428572,1.0,0.08333333333333333,1.0,0.08108108108108109,1.0,0.07894736842105263,1.0,0.07692307692307693,1.0
random,316,CoolGuy,returning,3,40,0.0,0.0,0.0,0.0,0.0,0.0,0.0,0.0,0.0,0.0,0.16666666666666666,0.3333333333333333,0.14285714285714285,0.3333333333333333,0.125,0.3333333333333333,0.1111111111111111,0.3333333333333333,0.1,0.3333333333333333,0.09090909090909091,0.3333333333333333,0.08333333333333333,0.3333333333333333,0.07692307692307693,0.3333333333333333,0.07142857142857142,0.3333333333333333,0.06666666666666667,0.3333333333333333,0.0625,0.3333333333333333,0.058823529411764705,0.3333333333333333,0.05555555555555555,0.3333333333333333,0.05263157894736842,0.3333333333333333,0.05,0.3333333333333333,0.09523809523809523,0.6666666666666666,0.09090909090909091,0.6666666666666666,0.08695652173913043,0.6666666666666666,0.08333333333333333,0.6666666666666666,0.08,0.6666666666666666,0.07692307692307693,0.6666666666666666,0.07407407407407407,0.6666666666666666,0.07142857142857142,0.6666666666666666,0.06896551724137931,0.6666666666666666,0.06666666666666667,0.6666666666666666,0.06451612903225806,0.6666666666666666,0.0625,0.6666666666666666,0.06060606060606061,0.6666666666666666,0.058823529411764705,0.6666666666666666,0.05714285714285714,0.6666666666666666,0.05555555555555555,0.6666666666666666,0.05405405405405406,0.6666666666666666,0.07894736842105263,1.0,0.07692307692307693,1.0
doi_alpha03_beta07,316,CoolGuy,returning,3,40,0.0,0.0,0.0,0.0,0.0,0.0,0.0,0.0,0.0,0.0,0.0,0.0,0.0,0.0,0.0,0.0,0.0,0.0,0.0,0.0,0.0,0.0,0.0,0.0,0.0,0.0,0.0,0.0,0.0,0.0,0.0,0.0,0.0,0.0,0.05555555555555555,0.3333333333333333,0.05263157894736842,0.3333333333333333,0.05,0.3333333333333333,0.047619047619047616,0.3333333333333333,0.045454545454545456,0.3333333333333333,0.08695652173913043,0.6666666666666666,0.08333333333333333,0.6666666666666666,0.08,0.6666666666666666,0.07692307692307693,0.6666666666666666,0.07407407407407407,0.6666666666666666,0.07142857142857142,0.6666666666666666,0.06896551724137931,0.6666666666666666,0.1,1.0,0.0967741935483871,1.0,0.09375,1.0,0.09090909090909091,1.0,0.08823529411764706,1.0,0.08571428571428572,1.0,0.08333333333333333,1.0,0.08108108108108109,1.0,0.07894736842105263,1.0,0.07692307692307693,1.0
doi_alpha0_beta1,316,CoolGuy,returning,3,40,0.0,0.0,0.0,0.0,0.0,0.0,0.0,0.0,0.0,0.0,0.0,0.0,0.0,0.0,0.0,0.0,0.0,0.0,0.0,0.0,0.0,0.0,0.0,0.0,0.0,0.0,0.0,0.0,0.0,0.0,0.0,0.0,0.0,0.0,0.05555555555555555,0.3333333333333333,0.05263157894736842,0.3333333333333333,0.05,0.3333333333333333,0.047619047619047616,0.3333333333333333,0.045454545454545456,0.3333333333333333,0.08695652173913043,0.6666666666666666,0.08333333333333333,0.6666666666666666,0.08,0.6666666666666666,0.07692307692307693,0.6666666666666666,0.07407407407407407,0.6666666666666666,0.07142857142857142,0.6666666666666666,0.06896551724137931,0.6666666666666666,0.1,1.0,0.0967741935483871,1.0,0.09375,1.0,0.09090909090909091,1.0,0.08823529411764706,1.0,0.08571428571428572,1.0,0.08333333333333333,1.0,0.08108108108108109,1.0,0.07894736842105263,1.0,0.07692307692307693,1.0
doi_alpha1_beta0,320,CoolGuy,returning,2,38,0.0,0.0,0.0,0.0,0.0,0.0,0.0,0.0,0.0,0.0,0.0,0.0,0.0,0.0,0.0,0.0,0.0,0.0,0.0,0.0,0.0,0.0,0.0,0.0,0.0,0.0,0.0,0.0,0.0,0.0,0.0,0.0,0.0,0.0,0.0,0.0,0.0,0.0,0.0,0.0,0.0,0.0,0.0,0.0,0.0,0.0,0.0,0.0,0.0,0.0,0.0,0.0,0.0,0.0,0.0,0.0,0.0,0.0,0.0,0.0,0.0,0.0,0.0,0.0,0.0,0.0,0.0,0.0,0.0,0.0,0.0,0.0,0.0,0.0
random,320,CoolGuy,returning,2,38,0.0,0.0,0.0,0.0,0.0,0.0,0.0,0.0,0.0,0.0,0.0,0.0,0.0,0.0,0.0,0.0,0.0,0.0,0.0,0.0,0.0,0.0,0.0,0.0,0.0,0.0,0.0,0.0,0.0,0.0,0.0,0.0,0.0,0.0,0.0,0.0,0.0,0.0,0.0,0.0,0.0,0.0,0.0,0.0,0.0,0.0,0.0,0.0,0.0,0.0,0.0,0.0,0.0,0.0,0.0,0.0,0.0,0.0,0.0,0.0,0.0,0.0,0.0,0.0,0.0,0.0,0.0,0.0,0.0,0.0,0.0,0.0,0.0,0.0
doi_alpha03_beta07,320,CoolGuy,returning,2,38,0.0,0.0,0.0,0.0,0.0,0.0,0.0,0.0,0.0,0.0,0.0,0.0,0.0,0.0,0.0,0.0,0.0,0.0,0.0,0.0,0.0,0.0,0.0,0.0,0.0,0.0,0.0,0.0,0.0,0.0,0.0,0.0,0.0,0.0,0.0,0.0,0.0,0.0,0.0,0.0,0.0,0.0,0.0,0.0,0.0,0.0,0.0,0.0,0.0,0.0,0.0,0.0,0.0,0.0,0.0,0.0,0.0,0.0,0.0,0.0,0.0,0.0,0.0,0.0,0.0,0.0,0.0,0.0,0.0,0.0,0.0,0.0,0.0,0.0
doi_alpha0_beta1,320,CoolGuy,returning,2,38,0.0,0.0,0.0,0.0,0.0,0.0,0.0,0.0,0.0,0.0,0.0,0.0,0.0,0.0,0.0,0.0,0.0,0.0,0.0,0.0,0.0,0.0,0.0,0.0,0.0,0.0,0.0,0.0,0.0,0.0,0.0,0.0,0.0,0.0,0.0,0.0,0.0,0.0,0.0,0.0,0.0,0.0,0.0,0.0,0.0,0.0,0.0,0.0,0.0,0.0,0.0,0.0,0.0,0.0,0.0,0.0,0.0,0.0,0.0,0.0,0.0,0.0,0.0,0.0,0.0,0.0,0.0,0.0,0.0,0.0,0.0,0.0,0.0,0.0
doi_alpha1_beta0,322,Gzuckier,returning,7,31,0.0,0.0,0.0,0.0,0.0,0.0,0.0,0.0,0.0,0.0,0.0,0.0,0.0,0.0,0.0,0.0,0.0,0.0,0.0,0.0,0.0,0.0,0.0,0.0,0.0,0.0,0.0,0.0,0.0,0.0,0.0,0.0,0.0,0.0,0.0,0.0,0.0,0.0,0.0,0.0,0.0,0.0,0.0,0.0,0.0,0.0,0.0,0.0,0.0,0.0,0.0,0.0,0.0,0.0,0.0,0.0,0.0,0.0,0.0,0.0
random,322,Gzuckier,returning,7,31,0.0,0.0,0.0,0.0,0.0,0.0,0.0,0.0,0.0,0.0,0.0,0.0,0.0,0.0,0.0,0.0,0.0,0.0,0.0,0.0,0.0,0.0,0.0,0.0,0.0,0.0,0.0,0.0,0.0,0.0,0.0,0.0,0.0,0.0,0.0,0.0,0.0,0.0,0.0,0.0,0.0,0.0,0.0,0.0,0.0,0.0,0.0,0.0,0.0,0.0,0.0,0.0,0.0,0.0,0.0,0.0,0.0,0.0,0.0,0.0
doi_alpha03_beta07,322,Gzuckier,returning,7,31,0.0,0.0,0.0,0.0,0.0,0.0,0.0,0.0,0.0,0.0,0.0,0.0,0.0,0.0,0.0,0.0,0.0,0.0,0.0,0.0,0.0,0.0,0.0,0.0,0.0,0.0,0.0,0.0,0.0,0.0,0.0,0.0,0.0,0.0,0.0,0.0,0.0,0.0,0.0,0.0,0.0,0.0,0.0,0.0,0.0,0.0,0.0,0.0,0.0,0.0,0.0,0.0,0.0,0.0,0.0,0.0,0.0,0.0,0.0,0.0
doi_alpha0_beta1,322,Gzuckier,returning,7,31,0.0,0.0,0.0,0.0,0.0,0.0,0.0,0.0,0.0,0.0,0.0,0.0,0.0,0.0,0.0,0.0,0.0,0.0,0.0,0.0,0.0,0.0,0.0,0.0,0.0,0.0,0.0,0.0,0.0,0.0,0.0,0.0,0.0,0.0,0.0,0.0,0.0,0.0,0.0,0.0,0.0,0.0,0.0,0.0,0.0,0.0,0.0,0.0,0.0,0.0,0.0,0.0,0.0,0.0,0.0,0.0,0.0,0.0,0.0,0.0
doi_alpha1_beta0,325,Behack,returning,7,31,0.0,0.0,0.0,0.0,0.0,0.0,0.0,0.0,0.0,0.0,0.0,0.0,0.0,0.0,0.0,0.0,0.0,0.0,0.0,0.0,0.0,0.0,0.0,0.0,0.0,0.0,0.0,0.0,0.0,0.0,0.0,0.0,0.0,0.0,0.0,0.0,0.0,0.0,0.0,0.0,0.0,0.0,0.0,0.0,0.0,0.0,0.0,0.0,0.0,0.0,0.0,0.0,0.0,0.0,0.0,0.0,0.0,0.0,0.0,0.0
random,325,Behack,returning,7,31,0.0,0.0,0.0,0.0,0.0,0.0,0.0,0.0,0.0,0.0,0.0,0.0,0.0,0.0,0.0,0.0,0.0,0.0,0.0,0.0,0.0,0.0,0.0,0.0,0.0,0.0,0.0,0.0,0.0,0.0,0.0,0.0,0.0,0.0,0.0,0.0,0.0,0.0,0.0,0.0,0.0,0.0,0.0,0.0,0.0,0.0,0.0,0.0,0.0,0.0,0.0,0.0,0.0,0.0,0.0,0.0,0.0,0.0,0.0,0.0
doi_alpha03_beta07,325,Behack,returning,7,31,0.0,0.0,0.0,0.0,0.0,0.0,0.0,0.0,0.0,0.0,0.0,0.0,0.0,0.0,0.0,0.0,0.0,0.0,0.0,0.0,0.0,0.0,0.0,0.0,0.0,0.0,0.0,0.0,0.0,0.0,0.0,0.0,0.0,0.0,0.0,0.0,0.0,0.0,0.0,0.0,0.0,0.0,0.0,0.0,0.0,0.0,0.0,0.0,0.0,0.0,0.0,0.0,0.0,0.0,0.0,0.0,0.0,0.0,0.0,0.0
doi_alpha0_beta1,325,Behack,returning,7,31,0.0,0.0,0.0,0.0,0.0,0.0,0.0,0.0,0.0,0.0,0.0,0.0,0.0,0.0,0.0,0.0,0.0,0.0,0.0,0.0,0.0,0.0,0.0,0.0,0.0,0.0,0.0,0.0,0.0,0.0,0.0,0.0,0.0,0.0,0.0,0.0,0.0,0.0,0.0,0.0,0.0,0.0,0.0,0.0,0.0,0.0,0.0,0.0,0.0,0.0,0.0,0.0,0.0,0.0,0.0,0.0,0.0,0.0,0.0,0.0
doi_alpha1_beta0,327,Gzuckier,returning,5,34,0.0,0.0,0.0,0.0,0.0,0.0,0.0,0.0,0.0,0.0,0.0,0.0,0.0,0.0,0.0,0.0,0.0,0.0,0.0,0.0,0.0,0.0,0.0,0.0,0.0,0.0,0.0,0.0,0.0,0.0,0.0,0.0,0.0,0.0,0.0,0.0,0.0,0.0,0.0,0.0,0.0,0.0,0.045454545454545456,0.2,0.043478260869565216,0.2,0.041666666666666664,0.2,0.04,0.2,0.038461538461538464,0.2,0.037037037037037035,0.2,0.03571428571428571,0.2,0.034482758620689655,0.2,0.03333333333333333,0.2,0.03225806451612903,0.2,0.03125,0.2,0.030303030303030304,0.2
random,327,Gzuckier,returning,5,34,0.0,0.0,0.0,0.0,0.0,0.0,0.0,0.0,0.0,0.0,0.0,0.0,0.0,0.0,0.0,0.0,0.0,0.0,0.0,0.0,0.0,0.0,0.0,0.0,0.0,0.0,0.0,0.0,0.0,0.0,0.0,0.0,0.0,0.0,0.0,0.0,0.0,0.0,0.05,0.2,0.047619047619047616,0.2,0.045454545454545456,0.2,0.043478260869565216,0.2,0.041666666666666664,0.2,0.04,0.2,0.038461538461538464,0.2,0.037037037037037035,0.2,0.03571428571428571,0.2,0.034482758620689655,0.2,0.03333333333333333,0.2,0.03225806451612903,0.2,0.03125,0.2,0.030303030303030304,0.2
doi_alpha03_beta07,327,Gzuckier,returning,5,34,0.0,0.0,0.0,0.0,0.0,0.0,0.0,0.0,0.0,0.0,0.0,0.0,0.0,0.0,0.0,0.0,0.0,0.0,0.0,0.0,0.0,0.0,0.0,0.0,0.0,0.0,0.0,0.0,0.0,0.0,0.0,0.0,0.0,0.0,0.0,0.0,0.0,0.0,0.0,0.0,0.0,0.0,0.0,0.0,0.0,0.0,0.0,0.0,0.0,0.0,0.0,0.0,0.0,0.0,0.03571428571428571,0.2,0.034482758620689655,0.2,0.03333333333333333,0.2,0.03225806451612903,0.2,0.03125,0.2,0.030303030303030304,0.2
doi_alpha0_beta1,327,Gzuckier,returning,5,34,0.0,0.0,0.0,0.0,0.0,0.0,0.0,0.0,0.0,0.0,0.0,0.0,0.0,0.0,0.0,0.0,0.0,0.0,0.0,0.0,0.0,0.0,0.0,0.0,0.0,0.0,0.0,0.0,0.0,0.0,0.0,0.0,0.0,0.0,0.0,0.0,0.0,0.0,0.0,0.0,0.0,0.0,0.0,0.0,0.0,0.0,0.0,0.0,0.0,0.0,0.0,0.0,0.0,0.0,0.03571428571428571,0.2,0.034482758620689655,0.2,0.03333333333333333,0.2,0.03225806451612903,0.2,0.03125,0.2,0.030303030303030304,0.2
doi_alpha1_beta0,328,Harro5,firstTime,9,38,0.0,0.0,0.0,0.0,0.0,0.0,0.0,0.0,0.0,0.0,0.0,0.0,0.0,0.0,0.0,0.0,0.1111111111111111,0.1111111111111111,0.1,0.1111111111111111,0.09090909090909091,0.1111111111111111,0.08333333333333333,0.1111111111111111,0.07692307692307693,0.1111111111111111,0.07142857142857142,0.1111111111111111,0.06666666666666667,0.1111111111111111,0.0625,0.1111111111111111,0.058823529411764705,0.1111111111111111,0.05555555555555555,0.1111111111111111,0.05263157894736842,0.1111111111111111,0.05,0.1111111111111111,0.047619047619047616,0.1111111111111111,0.045454545454545456,0.1111111111111111,0.08695652173913043,0.2222222222222222,0.125,0.3333333333333333,0.16,0.4444444444444444,0.19230769230769232,0.5555555555555556,0.18518518518518517,0.5555555555555556,0.17857142857142858,0.5555555555555556,0.1724137931034483,0.5555555555555556,0.16666666666666666,0.5555555555555556,0.16129032258064516,0.5555555555555556,0.15625,0.5555555555555556,0.15151515151515152,0.5555555555555556,0.14705882352941177,0.5555555555555556,0.14285714285714285,0.5555555555555556,0.1388888888888889,0.5555555555555556,0.13513513513513514,0.5555555555555556
random,328,Harro5,firstTime,9,38,0.0,0.0,0.0,0.0,0.3333333333333333,0.1111111111111111,0.5,0.2222222222222222,0.6,0.3333333333333333,0.5,0.3333333333333333,0.42857142857142855,0.3333333333333333,0.375,0.3333333333333333,0.3333333333333333,0.3333333333333333,0.3,0.3333333333333333,0.2727272727272727,0.3333333333333333,0.25,0.3333333333333333,0.3076923076923077,0.4444444444444444,0.2857142857142857,0.4444444444444444,0.3333333333333333,0.5555555555555556,0.3125,0.5555555555555556,0.29411764705882354,0.5555555555555556,0.2777777777777778,0.5555555555555556,0.2631578947368421,0.5555555555555556,0.25,0.5555555555555556,0.23809523809523808,0.5555555555555556,0.22727272727272727,0.5555555555555556,0.21739130434782608,0.5555555555555556,0.20833333333333334,0.5555555555555556,0.2,0.5555555555555556,0.19230769230769232,0.5555555555555556,0.18518518518518517,0.5555555555555556,0.17857142857142858,0.5555555555555556,0.1724137931034483,0.5555555555555556,0.16666666666666666,0.5555555555555556,0.16129032258064516,0.5555555555555556,0.15625,0.5555555555555556,0.15151515151515152,0.5555555555555556,0.14705882352941177,0.5555555555555556,0.14285714285714285,0.5555555555555556,0.1388888888888889,0.5555555555555556,0.13513513513513514,0.5555555555555556
doi_alpha1_beta0,331,Nunh-huh,returning,5,34,0.0,0.0,0.0,0.0,0.0,0.0,0.0,0.0,0.0,0.0,0.0,0.0,0.14285714285714285,0.2,0.125,0.2,0.1111111111111111,0.2,0.1,0.2,0.09090909090909091,0.2,0.08333333333333333,0.2,0.07692307692307693,0.2,0.07142857142857142,0.2,0.06666666666666667,0.2,0.0625,0.2,0.058823529411764705,0.2,0.05555555555555555,0.2,0.05263157894736842,0.2,0.05,0.2,0.047619047619047616,0.2,0.045454545454545456,0.2,0.043478260869565216,0.2,0.041666666666666664,0.2,0.04,0.2,0.038461538461538464,0.2,0.037037037037037035,0.2,0.03571428571428571,0.2,0.034482758620689655,0.2,0.03333333333333333,0.2,0.03225806451612903,0.2,0.03125,0.2,0.030303030303030304,0.2
random,331,Nunh-huh,returning,5,34,0.0,0.0,0.0,0.0,0.0,0.0,0.0,0.0,0.0,0.0,0.0,0.0,0.0,0.0,0.0,0.0,0.0,0.0,0.0,0.0,0.0,0.0,0.0,0.0,0.0,0.0,0.0,0.0,0.0,0.0,0.0,0.0,0.0,0.0,0.0,0.0,0.0,0.0,0.0,0.0,0.0,0.0,0.0,0.0,0.0,0.0,0.0,0.0,0.0,0.0,0.0,0.0,0.0,0.0,0.0,0.0,0.0,0.0,0.0,0.0,0.0,0.0,0.0,0.0,0.0,0.0
doi_alpha03_beta07,331,Nunh-huh,returning,5,34,0.0,0.0,0.0,0.0,0.0,0.0,0.0,0.0,0.0,0.0,0.0,0.0,0.0,0.0,0.0,0.0,0.0,0.0,0.0,0.0,0.0,0.0,0.0,0.0,0.0,0.0,0.0,0.0,0.0,0.0,0.0,0.0,0.0,0.0,0.0,0.0,0.05263157894736842,0.2,0.05,0.2,0.047619047619047616,0.2,0.045454545454545456,0.2,0.043478260869565216,0.2,0.041666666666666664,0.2,0.04,0.2,0.038461538461538464,0.2,0.037037037037037035,0.2,0.03571428571428571,0.2,0.034482758620689655,0.2,0.03333333333333333,0.2,0.03225806451612903,0.2,0.03125,0.2,0.030303030303030304,0.2
doi_alpha0_beta1,331,Nunh-huh,returning,5,34,0.0,0.0,0.0,0.0,0.0,0.0,0.0,0.0,0.0,0.0,0.0,0.0,0.0,0.0,0.0,0.0,0.0,0.0,0.0,0.0,0.0,0.0,0.0,0.0,0.0,0.0,0.0,0.0,0.0,0.0,0.0,0.0,0.0,0.0,0.0,0.0,0.05263157894736842,0.2,0.05,0.2,0.047619047619047616,0.2,0.045454545454545456,0.2,0.043478260869565216,0.2,0.041666666666666664,0.2,0.04,0.2,0.038461538461538464,0.2,0.037037037037037035,0.2,0.03571428571428571,0.2,0.034482758620689655,0.2,0.03333333333333333,0.2,0.03225806451612903,0.2,0.03125,0.2,0.030303030303030304,0.2
doi_alpha1_beta0,332,Gzuckier,returning,3,38,0.0,0.0,0.0,0.0,0.0,0.0,0.0,0.0,0.0,0.0,0.0,0.0,0.0,0.0,0.0,0.0,0.0,0.0,0.0,0.0,0.0,0.0,0.0,0.0,0.0,0.0,0.0,0.0,0.0,0.0,0.0,0.0,0.0,0.0,0.0,0.0,0.0,0.0,0.0,0.0,0.0,0.0,0.0,0.0,0.0,0.0,0.0,0.0,0.0,0.0,0.038461538461538464,0.3333333333333333,0.07407407407407407,0.6666666666666666,0.07142857142857142,0.6666666666666666,0.10344827586206896,1.0,0.1,1.0,0.0967741935483871,1.0,0.09375,1.0,0.09090909090909091,1.0,0.08823529411764706,1.0,0.08571428571428572,1.0,0.08333333333333333,1.0,0.08108108108108109,1.0
random,332,Gzuckier,returning,3,38,0.0,0.0,0.0,0.0,0.0,0.0,0.0,0.0,0.0,0.0,0.16666666666666666,0.3333333333333333,0.14285714285714285,0.3333333333333333,0.125,0.3333333333333333,0.1111111111111111,0.3333333333333333,0.1,0.3333333333333333,0.09090909090909091,0.3333333333333333,0.08333333333333333,0.3333333333333333,0.07692307692307693,0.3333333333333333,0.07142857142857142,0.3333333333333333,0.06666666666666667,0.3333333333333333,0.0625,0.3333333333333333,0.058823529411764705,0.3333333333333333,0.05555555555555555,0.3333333333333333,0.05263157894736842,0.3333333333333333,0.05,0.3333333333333333,0.047619047619047616,0.3333333333333333,0.045454545454545456,0.3333333333333333,0.043478260869565216,0.3333333333333333,0.041666666666666664,0.3333333333333333,0.04,0.3333333333333333,0.038461538461538464,0.3333333333333333,0.037037037037037035,0.3333333333333333,0.03571428571428571,0.3333333333333333,0.06896551724137931,0.6666666666666666,0.06666666666666667,0.6666666666666666,0.06451612903225806,0.6666666666666666,0.0625,0.6666666666666666,0.06060606060606061,0.6666666666666666,0.058823529411764705,0.6666666666666666,0.05714285714285714,0.6666666666666666,0.08333333333333333,1.0,0.08108108108108109,1.0
doi_alpha03_beta07,332,Gzuckier,returning,3,38,0.0,0.0,0.0,0.0,0.0,0.0,0.0,0.0,0.0,0.0,0.0,0.0,0.0,0.0,0.0,0.0,0.0,0.0,0.0,0.0,0.0,0.0,0.0,0.0,0.0,0.0,0.0,0.0,0.0,0.0,0.0,0.0,0.0,0.0,0.0,0.0,0.0,0.0,0.0,0.0,0.0,0.0,0.0,0.0,0.0,0.0,0.0,0.0,0.0,0.0,0.0,0.0,0.0,0.0,0.0,0.0,0.0,0.0,0.0,0.0,0.0,0.0,0.03125,0.3333333333333333,0.06060606060606061,0.6666666666666666,0.08823529411764706,1.0,0.08571428571428572,1.0,0.08333333333333333,1.0,0.08108108108108109,1.0
doi_alpha0_beta1,332,Gzuckier,returning,3,38,0.0,0.0,0.0,0.0,0.0,0.0,0.0,0.0,0.0,0.0,0.0,0.0,0.0,0.0,0.0,0.0,0.0,0.0,0.0,0.0,0.0,0.0,0.0,0.0,0.0,0.0,0.0,0.0,0.0,0.0,0.0,0.0,0.0,0.0,0.0,0.0,0.0,0.0,0.0,0.0,0.0,0.0,0.0,0.0,0.0,0.0,0.0,0.0,0.0,0.0,0.0,0.0,0.0,0.0,0.0,0.0,0.0,0.0,0.0,0.0,0.0,0.0,0.03125,0.3333333333333333,0.06060606060606061,0.6666666666666666,0.08823529411764706,1.0,0.08571428571428572,1.0,0.08333333333333333,1.0,0.08108108108108109,1.0
doi_alpha1_beta0,333,Bbpen,returning,1,35,0.0,0.0,0.0,0.0,0.0,0.0,0.0,0.0,0.0,0.0,0.0,0.0,0.0,0.0,0.0,0.0,0.0,0.0,0.0,0.0,0.0,0.0,0.0,0.0,0.0,0.0,0.0,0.0,0.0,0.0,0.0,0.0,0.0,0.0,0.0,0.0,0.0,0.0,0.0,0.0,0.0,0.0,0.0,0.0,0.0,0.0,0.0,0.0,0.0,0.0,0.0,0.0,0.0,0.0,0.0,0.0,0.0,0.0,0.0,0.0,0.0,0.0,0.0,0.0,0.0,0.0,0.0,0.0
random,333,Bbpen,returning,1,35,0.0,0.0,0.0,0.0,0.0,0.0,0.0,0.0,0.0,0.0,0.0,0.0,0.0,0.0,0.0,0.0,0.0,0.0,0.0,0.0,0.0,0.0,0.0,0.0,0.0,0.0,0.0,0.0,0.0,0.0,0.0,0.0,0.0,0.0,0.0,0.0,0.0,0.0,0.0,0.0,0.0,0.0,0.0,0.0,0.0,0.0,0.0,0.0,0.0,0.0,0.0,0.0,0.0,0.0,0.0,0.0,0.0,0.0,0.0,0.0,0.0,0.0,0.0,0.0,0.0,0.0,0.0,0.0
doi_alpha03_beta07,333,Bbpen,returning,1,35,0.0,0.0,0.0,0.0,0.0,0.0,0.0,0.0,0.0,0.0,0.0,0.0,0.0,0.0,0.0,0.0,0.0,0.0,0.0,0.0,0.0,0.0,0.0,0.0,0.0,0.0,0.0,0.0,0.0,0.0,0.0,0.0,0.0,0.0,0.0,0.0,0.0,0.0,0.0,0.0,0.0,0.0,0.0,0.0,0.0,0.0,0.0,0.0,0.0,0.0,0.0,0.0,0.0,0.0,0.0,0.0,0.0,0.0,0.0,0.0,0.0,0.0,0.0,0.0,0.0,0.0,0.0,0.0
doi_alpha0_beta1,333,Bbpen,returning,1,35,0.0,0.0,0.0,0.0,0.0,0.0,0.0,0.0,0.0,0.0,0.0,0.0,0.0,0.0,0.0,0.0,0.0,0.0,0.0,0.0,0.0,0.0,0.0,0.0,0.0,0.0,0.0,0.0,0.0,0.0,0.0,0.0,0.0,0.0,0.0,0.0,0.0,0.0,0.0,0.0,0.0,0.0,0.0,0.0,0.0,0.0,0.0,0.0,0.0,0.0,0.0,0.0,0.0,0.0,0.0,0.0,0.0,0.0,0.0,0.0,0.0,0.0,0.0,0.0,0.0,0.0,0.0,0.0
doi_alpha1_beta0,339,Bbpen,returning,2,36,0.0,0.0,0.0,0.0,0.0,0.0,0.0,0.0,0.0,0.0,0.0,0.0,0.0,0.0,0.0,0.0,0.0,0.0,0.0,0.0,0.0,0.0,0.0,0.0,0.0,0.0,0.0,0.0,0.0,0.0,0.0,0.0,0.0,0.0,0.0,0.0,0.0,0.0,0.0,0.0,0.0,0.0,0.0,0.0,0.0,0.0,0.0,0.0,0.0,0.0,0.0,0.0,0.0,0.0,0.0,0.0,0.0,0.0,0.0,0.0,0.0,0.0,0.0,0.0,0.0,0.0,0.029411764705882353,0.5,0.02857142857142857,0.5
random,339,Bbpen,returning,2,36,0.0,0.0,0.0,0.0,0.0,0.0,0.0,0.0,0.0,0.0,0.0,0.0,0.0,0.0,0.0,0.0,0.0,0.0,0.0,0.0,0.0,0.0,0.0,0.0,0.0,0.0,0.0,0.0,0.0,0.0,0.0,0.0,0.0,0.0,0.0,0.0,0.0,0.0,0.0,0.0,0.0,0.0,0.0,0.0,0.0,0.0,0.0,0.0,0.0,0.0,0.0,0.0,0.0,0.0,0.0,0.0,0.034482758620689655,0.5,0.03333333333333333,0.5,0.03225806451612903,0.5,0.03125,0.5,0.030303030303030304,0.5,0.029411764705882353,0.5,0.02857142857142857,0.5
doi_alpha03_beta07,339,Bbpen,returning,2,36,0.0,0.0,0.0,0.0,0.0,0.0,0.0,0.0,0.0,0.0,0.0,0.0,0.0,0.0,0.0,0.0,0.0,0.0,0.0,0.0,0.0,0.0,0.0,0.0,0.0,0.0,0.0,0.0,0.0,0.0,0.0,0.0,0.0,0.0,0.0,0.0,0.0,0.0,0.0,0.0,0.0,0.0,0.0,0.0,0.0,0.0,0.0,0.0,0.0,0.0,0.0,0.0,0.037037037037037035,0.5,0.03571428571428571,0.5,0.034482758620689655,0.5,0.03333333333333333,0.5,0.03225806451612903,0.5,0.03125,0.5,0.030303030303030304,0.5,0.029411764705882353,0.5,0.02857142857142857,0.5
doi_alpha0_beta1,339,Bbpen,returning,2,36,0.0,0.0,0.0,0.0,0.0,0.0,0.0,0.0,0.0,0.0,0.0,0.0,0.0,0.0,0.0,0.0,0.0,0.0,0.0,0.0,0.0,0.0,0.0,0.0,0.0,0.0,0.0,0.0,0.0,0.0,0.0,0.0,0.0,0.0,0.0,0.0,0.0,0.0,0.0,0.0,0.0,0.0,0.0,0.0,0.0,0.0,0.0,0.0,0.0,0.0,0.0,0.0,0.037037037037037035,0.5,0.03571428571428571,0.5,0.034482758620689655,0.5,0.03333333333333333,0.5,0.03225806451612903,0.5,0.03125,0.5,0.030303030303030304,0.5,0.029411764705882353,0.5,0.02857142857142857,0.5
doi_alpha1_beta0,343,Nunh-huh,returning,2,36,0.0,0.0,0.0,0.0,0.0,0.0,0.0,0.0,0.0,0.0,0.0,0.0,0.0,0.0,0.0,0.0,0.0,0.0,0.0,0.0,0.0,0.0,0.0,0.0,0.0,0.0,0.0,0.0,0.0,0.0,0.0,0.0,0.058823529411764705,0.5,0.05555555555555555,0.5,0.05263157894736842,0.5,0.05,0.5,0.047619047619047616,0.5,0.045454545454545456,0.5,0.043478260869565216,0.5,0.041666666666666664,0.5,0.04,0.5,0.038461538461538464,0.5,0.037037037037037035,0.5,0.03571428571428571,0.5,0.034482758620689655,0.5,0.03333333333333333,0.5,0.06451612903225806,1.0,0.0625,1.0,0.06060606060606061,1.0,0.058823529411764705,1.0,0.05714285714285714,1.0
random,343,Nunh-huh,returning,2,36,0.0,0.0,0.0,0.0,0.0,0.0,0.0,0.0,0.0,0.0,0.0,0.0,0.0,0.0,0.0,0.0,0.0,0.0,0.0,0.0,0.0,0.0,0.0,0.0,0.0,0.0,0.07142857142857142,0.5,0.06666666666666667,0.5,0.0625,0.5,0.058823529411764705,0.5,0.05555555555555555,0.5,0.05263157894736842,0.5,0.05,0.5,0.047619047619047616,0.5,0.045454545454545456,0.5,0.043478260869565216,0.5,0.041666666666666664,0.5,0.04,0.5,0.038461538461538464,0.5,0.037037037037037035,0.5,0.03571428571428571,0.5,0.034482758620689655,0.5,0.06666666666666667,1.0,0.06451612903225806,1.0,0.0625,1.0,0.06060606060606061,1.0,0.058823529411764705,1.0,0.05714285714285714,1.0
doi_alpha03_beta07,343,Nunh-huh,returning,2,36,0.0,0.0,0.0,0.0,0.0,0.0,0.0,0.0,0.0,0.0,0.0,0.0,0.0,0.0,0.0,0.0,0.0,0.0,0.0,0.0,0.0,0.0,0.0,0.0,0.0,0.0,0.0,0.0,0.0,0.0,0.0,0.0,0.0,0.0,0.0,0.0,0.0,0.0,0.0,0.0,0.0,0.0,0.0,0.0,0.0,0.0,0.0,0.0,0.04,0.5,0.038461538461538464,0.5,0.037037037037037035,0.5,0.03571428571428571,0.5,0.034482758620689655,0.5,0.03333333333333333,0.5,0.06451612903225806,1.0,0.0625,1.0,0.06060606060606061,1.0,0.058823529411764705,1.0,0.05714285714285714,1.0
doi_alpha0_beta1,343,Nunh-huh,returning,2,36,0.0,0.0,0.0,0.0,0.0,0.0,0.0,0.0,0.0,0.0,0.0,0.0,0.0,0.0,0.0,0.0,0.0,0.0,0.0,0.0,0.0,0.0,0.0,0.0,0.0,0.0,0.0,0.0,0.0,0.0,0.0,0.0,0.0,0.0,0.0,0.0,0.0,0.0,0.0,0.0,0.0,0.0,0.0,0.0,0.0,0.0,0.0,0.0,0.04,0.5,0.038461538461538464,0.5,0.037037037037037035,0.5,0.03571428571428571,0.5,0.034482758620689655,0.5,0.03333333333333333,0.5,0.06451612903225806,1.0,0.0625,1.0,0.06060606060606061,1.0,0.058823529411764705,1.0,0.05714285714285714,1.0
doi_alpha1_beta0,345,Veggiesattva,firstTime,1,35,0.0,0.0,0.0,0.0,0.0,0.0,0.0,0.0,0.0,0.0,0.0,0.0,0.0,0.0,0.0,0.0,0.0,0.0,0.0,0.0,0.0,0.0,0.0,0.0,0.0,0.0,0.0,0.0,0.0,0.0,0.0,0.0,0.0,0.0,0.0,0.0,0.0,0.0,0.0,0.0,0.0,0.0,0.0,0.0,0.0,0.0,0.0,0.0,0.0,0.0,0.0,0.0,0.0,0.0,0.0,0.0,0.0,0.0,0.0,0.0,0.0,0.0,0.0,0.0,0.0,0.0,0.0,0.0
random,345,Veggiesattva,firstTime,1,35,0.0,0.0,0.0,0.0,0.0,0.0,0.0,0.0,0.0,0.0,0.0,0.0,0.0,0.0,0.0,0.0,0.0,0.0,0.0,0.0,0.0,0.0,0.0,0.0,0.0,0.0,0.0,0.0,0.0,0.0,0.0,0.0,0.0,0.0,0.0,0.0,0.0,0.0,0.0,0.0,0.0,0.0,0.0,0.0,0.0,0.0,0.0,0.0,0.0,0.0,0.0,0.0,0.0,0.0,0.0,0.0,0.0,0.0,0.0,0.0,0.0,0.0,0.0,0.0,0.0,0.0,0.0,0.0
doi_alpha1_beta0,350,Bbpen,returning,3,39,0.0,0.0,0.0,0.0,0.0,0.0,0.0,0.0,0.0,0.0,0.0,0.0,0.0,0.0,0.0,0.0,0.0,0.0,0.0,0.0,0.0,0.0,0.0,0.0,0.0,0.0,0.0,0.0,0.0,0.0,0.0,0.0,0.0,0.0,0.0,0.0,0.0,0.0,0.0,0.0,0.0,0.0,0.0,0.0,0.0,0.0,0.0,0.0,0.0,0.0,0.038461538461538464,0.3333333333333333,0.037037037037037035,0.3333333333333333,0.07142857142857142,0.6666666666666666,0.10344827586206896,1.0,0.1,1.0,0.0967741935483871,1.0,0.09375,1.0,0.09090909090909091,1.0,0.08823529411764706,1.0,0.08571428571428572,1.0,0.08333333333333333,1.0,0.08108108108108109,1.0,0.07894736842105263,1.0
random,350,Bbpen,returning,3,39,0.0,0.0,0.5,0.3333333333333333,0.3333333333333333,0.3333333333333333,0.25,0.3333333333333333,0.2,0.3333333333333333,0.16666666666666666,0.3333333333333333,0.14285714285714285,0.3333333333333333,0.125,0.3333333333333333,0.1111111111111111,0.3333333333333333,0.1,0.3333333333333333,0.09090909090909091,0.3333333333333333,0.08333333333333333,0.3333333333333333,0.07692307692307693,0.3333333333333333,0.07142857142857142,0.3333333333333333,0.06666666666666667,0.3333333333333333,0.0625,0.3333333333333333,0.058823529411764705,0.3333333333333333,0.05555555555555555,0.3333333333333333,0.05263157894736842,0.3333333333333333,0.05,0.3333333333333333,0.047619047619047616,0.3333333333333333,0.045454545454545456,0.3333333333333333,0.043478260869565216,0.3333333333333333,0.041666666666666664,0.3333333333333333,0.04,0.3333333333333333,0.038461538461538464,0.3333333333333333,0.07407407407407407,0.6666666666666666,0.07142857142857142,0.6666666666666666,0.06896551724137931,0.6666666666666666,0.06666666666666667,0.6666666666666666,0.06451612903225806,0.6666666666666666,0.0625,0.6666666666666666,0.06060606060606061,0.6666666666666666,0.058823529411764705,0.6666666666666666,0.08571428571428572,1.0,0.08333333333333333,1.0,0.08108108108108109,1.0,0.07894736842105263,1.0
doi_alpha03_beta07,350,Bbpen,returning,3,39,0.0,0.0,0.0,0.0,0.0,0.0,0.0,0.0,0.0,0.0,0.0,0.0,0.0,0.0,0.0,0.0,0.0,0.0,0.0,0.0,0.0,0.0,0.08333333333333333,0.3333333333333333,0.07692307692307693,0.3333333333333333,0.07142857142857142,0.3333333333333333,0.06666666666666667,0.3333333333333333,0.0625,0.3333333333333333,0.058823529411764705,0.3333333333333333,0.05555555555555555,0.3333333333333333,0.05263157894736842,0.3333333333333333,0.05,0.3333333333333333,0.047619047619047616,0.3333333333333333,0.045454545454545456,0.3333333333333333,0.043478260869565216,0.3333333333333333,0.041666666666666664,0.3333333333333333,0.04,0.3333333333333333,0.07692307692307693,0.6666666666666666,0.1111111111111111,1.0,0.10714285714285714,1.0,0.10344827586206896,1.0,0.1,1.0,0.0967741935483871,1.0,0.09375,1.0,0.09090909090909091,1.0,0.08823529411764706,1.0,0.08571428571428572,1.0,0.08333333333333333,1.0,0.08108108108108109,1.0,0.07894736842105263,1.0
doi_alpha0_beta1,350,Bbpen,returning,3,39,0.0,0.0,0.0,0.0,0.0,0.0,0.0,0.0,0.0,0.0,0.0,0.0,0.0,0.0,0.0,0.0,0.0,0.0,0.0,0.0,0.0,0.0,0.08333333333333333,0.3333333333333333,0.07692307692307693,0.3333333333333333,0.07142857142857142,0.3333333333333333,0.06666666666666667,0.3333333333333333,0.0625,0.3333333333333333,0.058823529411764705,0.3333333333333333,0.05555555555555555,0.3333333333333333,0.05263157894736842,0.3333333333333333,0.05,0.3333333333333333,0.047619047619047616,0.3333333333333333,0.045454545454545456,0.3333333333333333,0.043478260869565216,0.3333333333333333,0.041666666666666664,0.3333333333333333,0.04,0.3333333333333333,0.07692307692307693,0.6666666666666666,0.1111111111111111,1.0,0.10714285714285714,1.0,0.10344827586206896,1.0,0.1,1.0,0.0967741935483871,1.0,0.09375,1.0,0.09090909090909091,1.0,0.08823529411764706,1.0,0.08571428571428572,1.0,0.08333333333333333,1.0,0.08108108108108109,1.0,0.07894736842105263,1.0
doi_alpha1_beta0,353,Xtreambar,firstTime,5,37,0.0,0.0,0.0,0.0,0.0,0.0,0.25,0.2,0.2,0.2,0.16666666666666666,0.2,0.14285714285714285,0.2,0.125,0.2,0.1111111111111111,0.2,0.1,0.2,0.09090909090909091,0.2,0.08333333333333333,0.2,0.07692307692307693,0.2,0.07142857142857142,0.2,0.06666666666666667,0.2,0.0625,0.2,0.058823529411764705,0.2,0.05555555555555555,0.2,0.10526315789473684,0.4,0.1,0.4,0.09523809523809523,0.4,0.09090909090909091,0.4,0.08695652173913043,0.4,0.08333333333333333,0.4,0.08,0.4,0.07692307692307693,0.4,0.07407407407407407,0.4,0.07142857142857142,0.4,0.06896551724137931,0.4,0.06666666666666667,0.4,0.06451612903225806,0.4,0.0625,0.4,0.06060606060606061,0.4,0.058823529411764705,0.4,0.05714285714285714,0.4,0.05555555555555555,0.4
random,353,Xtreambar,firstTime,5,37,1.0,0.2,0.5,0.2,0.3333333333333333,0.2,0.25,0.2,0.2,0.2,0.16666666666666666,0.2,0.14285714285714285,0.2,0.125,0.2,0.1111111111111111,0.2,0.1,0.2,0.09090909090909091,0.2,0.08333333333333333,0.2,0.07692307692307693,0.2,0.07142857142857142,0.2,0.06666666666666667,0.2,0.0625,0.2,0.058823529411764705,0.2,0.05555555555555555,0.2,0.05263157894736842,0.2,0.05,0.2,0.09523809523809523,0.4,0.09090909090909091,0.4,0.08695652173913043,0.4,0.08333333333333333,0.4,0.08,0.4,0.07692307692307693,0.4,0.07407407407407407,0.4,0.07142857142857142,0.4,0.06896551724137931,0.4,0.06666666666666667,0.4,0.06451612903225806,0.4,0.0625,0.4,0.06060606060606061,0.4,0.058823529411764705,0.4,0.05714285714285714,0.4,0.05555555555555555,0.4
doi_alpha1_beta0,364,Jonnabuz,firstTime,1,39,0.0,0.0,0.0,0.0,0.0,0.0,0.0,0.0,0.0,0.0,0.0,0.0,0.0,0.0,0.0,0.0,0.0,0.0,0.0,0.0,0.0,0.0,0.0,0.0,0.0,0.0,0.0,0.0,0.0,0.0,0.0,0.0,0.0,0.0,0.0,0.0,0.0,0.0,0.0,0.0,0.0,0.0,0.0,0.0,0.043478260869565216,1.0,0.041666666666666664,1.0,0.04,1.0,0.038461538461538464,1.0,0.037037037037037035,1.0,0.03571428571428571,1.0,0.034482758620689655,1.0,0.03333333333333333,1.0,0.03225806451612903,1.0,0.03125,1.0,0.030303030303030304,1.0,0.029411764705882353,1.0,0.02857142857142857,1.0,0.027777777777777776,1.0,0.02702702702702703,1.0,0.02631578947368421,1.0
random,364,Jonnabuz,firstTime,1,39,0.0,0.0,0.0,0.0,0.0,0.0,0.0,0.0,0.0,0.0,0.0,0.0,0.0,0.0,0.0,0.0,0.0,0.0,0.1,1.0,0.09090909090909091,1.0,0.08333333333333333,1.0,0.07692307692307693,1.0,0.07142857142857142,1.0,0.06666666666666667,1.0,0.0625,1.0,0.058823529411764705,1.0,0.05555555555555555,1.0,0.05263157894736842,1.0,0.05,1.0,0.047619047619047616,1.0,0.045454545454545456,1.0,0.043478260869565216,1.0,0.041666666666666664,1.0,0.04,1.0,0.038461538461538464,1.0,0.037037037037037035,1.0,0.03571428571428571,1.0,0.034482758620689655,1.0,0.03333333333333333,1.0,0.03225806451612903,1.0,0.03125,1.0,0.030303030303030304,1.0,0.029411764705882353,1.0,0.02857142857142857,1.0,0.027777777777777776,1.0,0.02702702702702703,1.0,0.02631578947368421,1.0
doi_alpha1_beta0,367,Bluemoose,firstTime,1,38,0.0,0.0,0.0,0.0,0.0,0.0,0.0,0.0,0.0,0.0,0.0,0.0,0.0,0.0,0.0,0.0,0.0,0.0,0.0,0.0,0.0,0.0,0.0,0.0,0.0,0.0,0.0,0.0,0.0,0.0,0.0,0.0,0.0,0.0,0.0,0.0,0.0,0.0,0.05,1.0,0.047619047619047616,1.0,0.045454545454545456,1.0,0.043478260869565216,1.0,0.041666666666666664,1.0,0.04,1.0,0.038461538461538464,1.0,0.037037037037037035,1.0,0.03571428571428571,1.0,0.034482758620689655,1.0,0.03333333333333333,1.0,0.03225806451612903,1.0,0.03125,1.0,0.030303030303030304,1.0,0.029411764705882353,1.0,0.02857142857142857,1.0,0.027777777777777776,1.0,0.02702702702702703,1.0
random,367,Bluemoose,firstTime,1,38,0.0,0.0,0.0,0.0,0.0,0.0,0.0,0.0,0.0,0.0,0.0,0.0,0.0,0.0,0.0,0.0,0.0,0.0,0.1,1.0,0.09090909090909091,1.0,0.08333333333333333,1.0,0.07692307692307693,1.0,0.07142857142857142,1.0,0.06666666666666667,1.0,0.0625,1.0,0.058823529411764705,1.0,0.05555555555555555,1.0,0.05263157894736842,1.0,0.05,1.0,0.047619047619047616,1.0,0.045454545454545456,1.0,0.043478260869565216,1.0,0.041666666666666664,1.0,0.04,1.0,0.038461538461538464,1.0,0.037037037037037035,1.0,0.03571428571428571,1.0,0.034482758620689655,1.0,0.03333333333333333,1.0,0.03225806451612903,1.0,0.03125,1.0,0.030303030303030304,1.0,0.029411764705882353,1.0,0.02857142857142857,1.0,0.027777777777777776,1.0,0.02702702702702703,1.0
doi_alpha1_beta0,371,Gzuckier,returning,1,37,0.0,0.0,0.0,0.0,0.0,0.0,0.0,0.0,0.0,0.0,0.0,0.0,0.0,0.0,0.0,0.0,0.0,0.0,0.0,0.0,0.0,0.0,0.0,0.0,0.0,0.0,0.0,0.0,0.0,0.0,0.0,0.0,0.0,0.0,0.0,0.0,0.0,0.0,0.0,0.0,0.0,0.0,0.0,0.0,0.0,0.0,0.0,0.0,0.0,0.0,0.0,0.0,0.0,0.0,0.0,0.0,0.0,0.0,0.0,0.0,0.0,0.0,0.0,0.0,0.0,0.0,0.0,0.0,0.0,0.0,0.0,0.0
random,371,Gzuckier,returning,1,37,0.0,0.0,0.0,0.0,0.0,0.0,0.0,0.0,0.0,0.0,0.0,0.0,0.0,0.0,0.0,0.0,0.0,0.0,0.0,0.0,0.0,0.0,0.0,0.0,0.0,0.0,0.0,0.0,0.0,0.0,0.0,0.0,0.0,0.0,0.0,0.0,0.0,0.0,0.0,0.0,0.0,0.0,0.0,0.0,0.0,0.0,0.0,0.0,0.0,0.0,0.0,0.0,0.0,0.0,0.0,0.0,0.0,0.0,0.0,0.0,0.0,0.0,0.0,0.0,0.0,0.0,0.0,0.0,0.0,0.0,0.0,0.0
doi_alpha03_beta07,371,Gzuckier,returning,1,37,0.0,0.0,0.0,0.0,0.0,0.0,0.0,0.0,0.0,0.0,0.0,0.0,0.0,0.0,0.0,0.0,0.0,0.0,0.0,0.0,0.0,0.0,0.0,0.0,0.0,0.0,0.0,0.0,0.0,0.0,0.0,0.0,0.0,0.0,0.0,0.0,0.0,0.0,0.0,0.0,0.0,0.0,0.0,0.0,0.0,0.0,0.0,0.0,0.0,0.0,0.0,0.0,0.0,0.0,0.0,0.0,0.0,0.0,0.0,0.0,0.0,0.0,0.0,0.0,0.0,0.0,0.0,0.0,0.0,0.0,0.0,0.0
doi_alpha0_beta1,371,Gzuckier,returning,1,37,0.0,0.0,0.0,0.0,0.0,0.0,0.0,0.0,0.0,0.0,0.0,0.0,0.0,0.0,0.0,0.0,0.0,0.0,0.0,0.0,0.0,0.0,0.0,0.0,0.0,0.0,0.0,0.0,0.0,0.0,0.0,0.0,0.0,0.0,0.0,0.0,0.0,0.0,0.0,0.0,0.0,0.0,0.0,0.0,0.0,0.0,0.0,0.0,0.0,0.0,0.0,0.0,0.0,0.0,0.0,0.0,0.0,0.0,0.0,0.0,0.0,0.0,0.0,0.0,0.0,0.0,0.0,0.0,0.0,0.0,0.0,0.0
doi_alpha1_beta0,378,Antandrus,firstTime,1,37,0.0,0.0,0.0,0.0,0.0,0.0,0.0,0.0,0.0,0.0,0.0,0.0,0.0,0.0,0.0,0.0,0.0,0.0,0.0,0.0,0.0,0.0,0.0,0.0,0.0,0.0,0.0,0.0,0.0,0.0,0.0,0.0,0.0,0.0,0.0,0.0,0.0,0.0,0.0,0.0,0.0,0.0,0.0,0.0,0.0,0.0,0.0,0.0,0.0,0.0,0.0,0.0,0.0,0.0,0.0,0.0,0.0,0.0,0.0,0.0,0.0,0.0,0.0,0.0,0.0,0.0,0.0,0.0,0.0,0.0,0.0,0.0
random,378,Antandrus,firstTime,1,37,0.0,0.0,0.0,0.0,0.0,0.0,0.0,0.0,0.0,0.0,0.0,0.0,0.0,0.0,0.0,0.0,0.0,0.0,0.0,0.0,0.0,0.0,0.0,0.0,0.0,0.0,0.0,0.0,0.0,0.0,0.0,0.0,0.0,0.0,0.0,0.0,0.0,0.0,0.0,0.0,0.0,0.0,0.0,0.0,0.0,0.0,0.0,0.0,0.0,0.0,0.0,0.0,0.0,0.0,0.0,0.0,0.0,0.0,0.0,0.0,0.0,0.0,0.0,0.0,0.0,0.0,0.0,0.0,0.0,0.0,0.0,0.0
doi_alpha1_beta0,380,Bbpen,returning,2,38,1.0,0.5,0.5,0.5,0.3333333333333333,0.5,0.25,0.5,0.2,0.5,0.16666666666666666,0.5,0.14285714285714285,0.5,0.125,0.5,0.1111111111111111,0.5,0.1,0.5,0.09090909090909091,0.5,0.08333333333333333,0.5,0.07692307692307693,0.5,0.07142857142857142,0.5,0.06666666666666667,0.5,0.0625,0.5,0.058823529411764705,0.5,0.05555555555555555,0.5,0.05263157894736842,0.5,0.05,0.5,0.047619047619047616,0.5,0.045454545454545456,0.5,0.043478260869565216,0.5,0.041666666666666664,0.5,0.04,0.5,0.038461538461538464,0.5,0.037037037037037035,0.5,0.03571428571428571,0.5,0.034482758620689655,0.5,0.03333333333333333,0.5,0.03225806451612903,0.5,0.03125,0.5,0.030303030303030304,0.5,0.029411764705882353,0.5,0.02857142857142857,0.5,0.027777777777777776,0.5,0.02702702702702703,0.5
random,380,Bbpen,returning,2,38,0.0,0.0,0.0,0.0,0.0,0.0,0.0,0.0,0.0,0.0,0.0,0.0,0.0,0.0,0.0,0.0,0.0,0.0,0.0,0.0,0.0,0.0,0.0,0.0,0.0,0.0,0.0,0.0,0.0,0.0,0.0,0.0,0.0,0.0,0.0,0.0,0.0,0.0,0.0,0.0,0.0,0.0,0.0,0.0,0.0,0.0,0.0,0.0,0.0,0.0,0.0,0.0,0.0,0.0,0.0,0.0,0.0,0.0,0.0,0.0,0.0,0.0,0.0,0.0,0.0,0.0,0.0,0.0,0.0,0.0,0.0,0.0,0.02702702702702703,0.5
doi_alpha03_beta07,380,Bbpen,returning,2,38,1.0,0.5,0.5,0.5,0.3333333333333333,0.5,0.25,0.5,0.2,0.5,0.16666666666666666,0.5,0.14285714285714285,0.5,0.125,0.5,0.1111111111111111,0.5,0.1,0.5,0.09090909090909091,0.5,0.08333333333333333,0.5,0.07692307692307693,0.5,0.07142857142857142,0.5,0.06666666666666667,0.5,0.0625,0.5,0.058823529411764705,0.5,0.05555555555555555,0.5,0.05263157894736842,0.5,0.05,0.5,0.047619047619047616,0.5,0.045454545454545456,0.5,0.043478260869565216,0.5,0.041666666666666664,0.5,0.04,0.5,0.038461538461538464,0.5,0.037037037037037035,0.5,0.03571428571428571,0.5,0.034482758620689655,0.5,0.03333333333333333,0.5,0.03225806451612903,0.5,0.03125,0.5,0.030303030303030304,0.5,0.029411764705882353,0.5,0.02857142857142857,0.5,0.027777777777777776,0.5,0.02702702702702703,0.5
doi_alpha0_beta1,380,Bbpen,returning,2,38,1.0,0.5,0.5,0.5,0.3333333333333333,0.5,0.25,0.5,0.2,0.5,0.16666666666666666,0.5,0.14285714285714285,0.5,0.125,0.5,0.1111111111111111,0.5,0.1,0.5,0.09090909090909091,0.5,0.08333333333333333,0.5,0.07692307692307693,0.5,0.07142857142857142,0.5,0.06666666666666667,0.5,0.0625,0.5,0.058823529411764705,0.5,0.05555555555555555,0.5,0.05263157894736842,0.5,0.05,0.5,0.047619047619047616,0.5,0.045454545454545456,0.5,0.043478260869565216,0.5,0.041666666666666664,0.5,0.04,0.5,0.038461538461538464,0.5,0.037037037037037035,0.5,0.03571428571428571,0.5,0.034482758620689655,0.5,0.03333333333333333,0.5,0.03225806451612903,0.5,0.03125,0.5,0.030303030303030304,0.5,0.029411764705882353,0.5,0.02857142857142857,0.5,0.027777777777777776,0.5,0.02702702702702703,0.5
doi_alpha1_beta0,391,NatusRoma,firstTime,1,39,0.0,0.0,0.0,0.0,0.0,0.0,0.0,0.0,0.0,0.0,0.0,0.0,0.0,0.0,0.0,0.0,0.0,0.0,0.0,0.0,0.0,0.0,0.0,0.0,0.0,0.0,0.0,0.0,0.0,0.0,0.0,0.0,0.0,0.0,0.0,0.0,0.0,0.0,0.0,0.0,0.0,0.0,0.0,0.0,0.0,0.0,0.0,0.0,0.0,0.0,0.0,0.0,0.0,0.0,0.0,0.0,0.0,0.0,0.0,0.0,0.0,0.0,0.0,0.0,0.0,0.0,0.0,0.0,0.0,0.0,0.0,0.0,0.0,0.0,0.0,0.0
random,391,NatusRoma,firstTime,1,39,0.0,0.0,0.0,0.0,0.0,0.0,0.0,0.0,0.0,0.0,0.0,0.0,0.0,0.0,0.0,0.0,0.0,0.0,0.0,0.0,0.0,0.0,0.0,0.0,0.0,0.0,0.0,0.0,0.0,0.0,0.0,0.0,0.0,0.0,0.0,0.0,0.0,0.0,0.0,0.0,0.0,0.0,0.0,0.0,0.0,0.0,0.0,0.0,0.0,0.0,0.0,0.0,0.0,0.0,0.0,0.0,0.0,0.0,0.0,0.0,0.0,0.0,0.0,0.0,0.0,0.0,0.0,0.0,0.0,0.0,0.0,0.0,0.0,0.0,0.0,0.0
doi_alpha1_beta0,398,Stevertigo,firstTime,3,40,1.0,0.3333333333333333,0.5,0.3333333333333333,0.3333333333333333,0.3333333333333333,0.25,0.3333333333333333,0.2,0.3333333333333333,0.16666666666666666,0.3333333333333333,0.14285714285714285,0.3333333333333333,0.125,0.3333333333333333,0.1111111111111111,0.3333333333333333,0.1,0.3333333333333333,0.09090909090909091,0.3333333333333333,0.08333333333333333,0.3333333333333333,0.07692307692307693,0.3333333333333333,0.14285714285714285,0.6666666666666666,0.13333333333333333,0.6666666666666666,0.125,0.6666666666666666,0.11764705882352941,0.6666666666666666,0.1111111111111111,0.6666666666666666,0.10526315789473684,0.6666666666666666,0.1,0.6666666666666666,0.09523809523809523,0.6666666666666666,0.09090909090909091,0.6666666666666666,0.08695652173913043,0.6666666666666666,0.08333333333333333,0.6666666666666666,0.08,0.6666666666666666,0.07692307692307693,0.6666666666666666,0.07407407407407407,0.6666666666666666,0.07142857142857142,0.6666666666666666,0.06896551724137931,0.6666666666666666,0.06666666666666667,0.6666666666666666,0.06451612903225806,0.6666666666666666,0.0625,0.6666666666666666,0.06060606060606061,0.6666666666666666,0.058823529411764705,0.6666666666666666,0.05714285714285714,0.6666666666666666,0.05555555555555555,0.6666666666666666,0.05405405405405406,0.6666666666666666,0.05263157894736842,0.6666666666666666,0.05128205128205128,0.6666666666666666
random,398,Stevertigo,firstTime,3,40,0.0,0.0,0.0,0.0,0.0,0.0,0.0,0.0,0.0,0.0,0.0,0.0,0.0,0.0,0.0,0.0,0.0,0.0,0.0,0.0,0.0,0.0,0.0,0.0,0.07692307692307693,0.3333333333333333,0.07142857142857142,0.3333333333333333,0.06666666666666667,0.3333333333333333,0.0625,0.3333333333333333,0.058823529411764705,0.3333333333333333,0.05555555555555555,0.3333333333333333,0.05263157894736842,0.3333333333333333,0.05,0.3333333333333333,0.047619047619047616,0.3333333333333333,0.045454545454545456,0.3333333333333333,0.043478260869565216,0.3333333333333333,0.041666666666666664,0.3333333333333333,0.04,0.3333333333333333,0.038461538461538464,0.3333333333333333,0.037037037037037035,0.3333333333333333,0.03571428571428571,0.3333333333333333,0.034482758620689655,0.3333333333333333,0.03333333333333333,0.3333333333333333,0.03225806451612903,0.3333333333333333,0.03125,0.3333333333333333,0.06060606060606061,0.6666666666666666,0.058823529411764705,0.6666666666666666,0.05714285714285714,0.6666666666666666,0.05555555555555555,0.6666666666666666,0.05405405405405406,0.6666666666666666,0.05263157894736842,0.6666666666666666,0.05128205128205128,0.6666666666666666
doi_alpha1_beta0,406,Bbpen,returning,2,39,1.0,0.5,0.5,0.5,0.3333333333333333,0.5,0.25,0.5,0.2,0.5,0.16666666666666666,0.5,0.14285714285714285,0.5,0.125,0.5,0.1111111111111111,0.5,0.1,0.5,0.09090909090909091,0.5,0.08333333333333333,0.5,0.07692307692307693,0.5,0.07142857142857142,0.5,0.06666666666666667,0.5,0.0625,0.5,0.058823529411764705,0.5,0.05555555555555555,0.5,0.05263157894736842,0.5,0.05,0.5,0.047619047619047616,0.5,0.045454545454545456,0.5,0.043478260869565216,0.5,0.041666666666666664,0.5,0.04,0.5,0.038461538461538464,0.5,0.037037037037037035,0.5,0.03571428571428571,0.5,0.034482758620689655,0.5,0.03333333333333333,0.5,0.03225806451612903,0.5,0.03125,0.5,0.030303030303030304,0.5,0.058823529411764705,1.0,0.05714285714285714,1.0,0.05555555555555555,1.0,0.05405405405405406,1.0,0.05263157894736842,1.0
random,406,Bbpen,returning,2,39,0.0,0.0,0.0,0.0,0.0,0.0,0.0,0.0,0.0,0.0,0.0,0.0,0.0,0.0,0.0,0.0,0.0,0.0,0.0,0.0,0.0,0.0,0.0,0.0,0.0,0.0,0.0,0.0,0.0,0.0,0.0,0.0,0.0,0.0,0.0,0.0,0.0,0.0,0.05,0.5,0.047619047619047616,0.5,0.045454545454545456,0.5,0.043478260869565216,0.5,0.041666666666666664,0.5,0.04,0.5,0.038461538461538464,0.5,0.037037037037037035,0.5,0.03571428571428571,0.5,0.034482758620689655,0.5,0.03333333333333333,0.5,0.03225806451612903,0.5,0.03125,0.5,0.030303030303030304,0.5,0.058823529411764705,1.0,0.05714285714285714,1.0,0.05555555555555555,1.0,0.05405405405405406,1.0,0.05263157894736842,1.0
doi_alpha03_beta07,406,Bbpen,returning,2,39,0.0,0.0,0.5,0.5,0.3333333333333333,0.5,0.25,0.5,0.2,0.5,0.16666666666666666,0.5,0.14285714285714285,0.5,0.125,0.5,0.1111111111111111,0.5,0.1,0.5,0.09090909090909091,0.5,0.08333333333333333,0.5,0.07692307692307693,0.5,0.07142857142857142,0.5,0.06666666666666667,0.5,0.0625,0.5,0.058823529411764705,0.5,0.05555555555555555,0.5,0.05263157894736842,0.5,0.05,0.5,0.047619047619047616,0.5,0.045454545454545456,0.5,0.043478260869565216,0.5,0.041666666666666664,0.5,0.04,0.5,0.038461538461538464,0.5,0.037037037037037035,0.5,0.03571428571428571,0.5,0.06896551724137931,1.0,0.06666666666666667,1.0,0.06451612903225806,1.0,0.0625,1.0,0.06060606060606061,1.0,0.058823529411764705,1.0,0.05714285714285714,1.0,0.05555555555555555,1.0,0.05405405405405406,1.0,0.05263157894736842,1.0
doi_alpha0_beta1,406,Bbpen,returning,2,39,0.0,0.0,0.5,0.5,0.3333333333333333,0.5,0.25,0.5,0.2,0.5,0.16666666666666666,0.5,0.14285714285714285,0.5,0.125,0.5,0.1111111111111111,0.5,0.1,0.5,0.09090909090909091,0.5,0.08333333333333333,0.5,0.07692307692307693,0.5,0.07142857142857142,0.5,0.06666666666666667,0.5,0.0625,0.5,0.058823529411764705,0.5,0.05555555555555555,0.5,0.05263157894736842,0.5,0.05,0.5,0.047619047619047616,0.5,0.045454545454545456,0.5,0.043478260869565216,0.5,0.041666666666666664,0.5,0.04,0.5,0.038461538461538464,0.5,0.037037037037037035,0.5,0.03571428571428571,0.5,0.06896551724137931,1.0,0.06666666666666667,1.0,0.06451612903225806,1.0,0.0625,1.0,0.06060606060606061,1.0,0.058823529411764705,1.0,0.05714285714285714,1.0,0.05555555555555555,1.0,0.05405405405405406,1.0,0.05263157894736842,1.0
doi_alpha1_beta0,411,Gzuckier,returning,1,38,0.0,0.0,0.0,0.0,0.0,0.0,0.0,0.0,0.0,0.0,0.0,0.0,0.0,0.0,0.0,0.0,0.0,0.0,0.0,0.0,0.0,0.0,0.0,0.0,0.0,0.0,0.0,0.0,0.0,0.0,0.0,0.0,0.0,0.0,0.0,0.0,0.0,0.0,0.0,0.0,0.0,0.0,0.0,0.0,0.0,0.0,0.0,0.0,0.0,0.0,0.0,0.0,0.0,0.0,0.0,0.0,0.0,0.0,0.0,0.0,0.0,0.0,0.0,0.0,0.0,0.0,0.0,0.0,0.0,0.0,0.0,0.0,0.0,0.0
random,411,Gzuckier,returning,1,38,0.0,0.0,0.0,0.0,0.0,0.0,0.0,0.0,0.0,0.0,0.0,0.0,0.0,0.0,0.0,0.0,0.0,0.0,0.0,0.0,0.0,0.0,0.0,0.0,0.0,0.0,0.0,0.0,0.0,0.0,0.0,0.0,0.0,0.0,0.0,0.0,0.0,0.0,0.0,0.0,0.0,0.0,0.0,0.0,0.0,0.0,0.0,0.0,0.0,0.0,0.0,0.0,0.0,0.0,0.0,0.0,0.0,0.0,0.0,0.0,0.0,0.0,0.0,0.0,0.0,0.0,0.0,0.0,0.0,0.0,0.0,0.0,0.0,0.0
doi_alpha03_beta07,411,Gzuckier,returning,1,38,0.0,0.0,0.0,0.0,0.0,0.0,0.0,0.0,0.0,0.0,0.0,0.0,0.0,0.0,0.0,0.0,0.0,0.0,0.0,0.0,0.0,0.0,0.0,0.0,0.0,0.0,0.0,0.0,0.0,0.0,0.0,0.0,0.0,0.0,0.0,0.0,0.0,0.0,0.0,0.0,0.0,0.0,0.0,0.0,0.0,0.0,0.0,0.0,0.0,0.0,0.0,0.0,0.0,0.0,0.0,0.0,0.0,0.0,0.0,0.0,0.0,0.0,0.0,0.0,0.0,0.0,0.0,0.0,0.0,0.0,0.0,0.0,0.0,0.0
doi_alpha0_beta1,411,Gzuckier,returning,1,38,0.0,0.0,0.0,0.0,0.0,0.0,0.0,0.0,0.0,0.0,0.0,0.0,0.0,0.0,0.0,0.0,0.0,0.0,0.0,0.0,0.0,0.0,0.0,0.0,0.0,0.0,0.0,0.0,0.0,0.0,0.0,0.0,0.0,0.0,0.0,0.0,0.0,0.0,0.0,0.0,0.0,0.0,0.0,0.0,0.0,0.0,0.0,0.0,0.0,0.0,0.0,0.0,0.0,0.0,0.0,0.0,0.0,0.0,0.0,0.0,0.0,0.0,0.0,0.0,0.0,0.0,0.0,0.0,0.0,0.0,0.0,0.0,0.0,0.0
doi_alpha1_beta0,419,Nickptar,firstTime,1,40,0.0,0.0,0.0,0.0,0.0,0.0,0.0,0.0,0.0,0.0,0.0,0.0,0.0,0.0,0.0,0.0,0.0,0.0,0.0,0.0,0.0,0.0,0.0,0.0,0.0,0.0,0.0,0.0,0.0,0.0,0.0,0.0,0.0,0.0,0.0,0.0,0.0,0.0,0.0,0.0,0.0,0.0,0.0,0.0,0.0,0.0,0.0,0.0,0.04,1.0,0.038461538461538464,1.0,0.037037037037037035,1.0,0.03571428571428571,1.0,0.034482758620689655,1.0,0.03333333333333333,1.0,0.03225806451612903,1.0,0.03125,1.0,0.030303030303030304,1.0,0.029411764705882353,1.0,0.02857142857142857,1.0,0.027777777777777776,1.0,0.02702702702702703,1.0,0.02631578947368421,1.0,0.02564102564102564,1.0
random,419,Nickptar,firstTime,1,40,0.0,0.0,0.0,0.0,0.0,0.0,0.0,0.0,0.0,0.0,0.0,0.0,0.0,0.0,0.0,0.0,0.0,0.0,0.0,0.0,0.0,0.0,0.0,0.0,0.0,0.0,0.0,0.0,0.0,0.0,0.0,0.0,0.0,0.0,0.0,0.0,0.0,0.0,0.0,0.0,0.0,0.0,0.0,0.0,0.0,0.0,0.0,0.0,0.04,1.0,0.038461538461538464,1.0,0.037037037037037035,1.0,0.03571428571428571,1.0,0.034482758620689655,1.0,0.03333333333333333,1.0,0.03225806451612903,1.0,0.03125,1.0,0.030303030303030304,1.0,0.029411764705882353,1.0,0.02857142857142857,1.0,0.027777777777777776,1.0,0.02702702702702703,1.0,0.02631578947368421,1.0,0.02564102564102564,1.0
