doi_alpha1_beta0,1,Vicki Rosenzweig,,0.0,1.0,0.5,1.0,1.0
doi_alpha1_beta0,2,Conversion script,,0.0,1.0,0.5,1.0,1.0
doi_alpha1_beta0,3,Vicki Rosenzweig,,0.0,,0.0,,0.0,,0.0,,0.0,,0.0,,0.0,,0.0
doi_alpha03_beta07,7,Vicki Rosenzweig,,0.0,,0.0,,0.0,,0.0,,0.0,,0.0,,0.0,,0.0
doi_alpha0_beta1,7,Vicki Rosenzweig,,0.0,1.0,0.14285714285714285,1.0,0.2857142857142857,1.0,0.2857142857142857,1.0,0.2857142857142857,1.0,0.2857142857142857,1.0,0.2857142857142857,1.0,0.2857142857142857
doi_alpha1_beta0,4,Olivier,,0.0,1.0,0.125,1.0,0.25,1.0,0.375,1.0,0.5,1.0,0.625,1.0,0.75,1.0,0.875,1.0,0.875
doi_alpha1_beta0,5,Someone else,,0.0,1.0,0.1111111111111111,1.0,0.2222222222222222,1.0,0.3333333333333333,1.0,0.4444444444444444,1.0,0.5555555555555556,1.0,0.6666666666666666,1.0,0.7777777777777778,1.0,0.8888888888888888,1.0,0.8888888888888888
doi_alpha1_beta0,6,Someone else,,0.0,1.0,0.1111111111111111,1.0,0.2222222222222222,1.0,0.3333333333333333,1.0,0.4444444444444444,1.0,0.5555555555555556,1.0,0.6666666666666666,1.0,0.7777777777777778,1.0,0.8888888888888888,1.0,0.8888888888888888
doi_alpha1_beta0,7,Someone else,,0.0,1.0,0.1111111111111111,1.0,0.2222222222222222,1.0,0.3333333333333333,1.0,0.4444444444444444,1.0,0.5555555555555556,1.0,0.6666666666666666,1.0,0.7777777777777778,1.0,0.8888888888888888,1.0,0.8888888888888888
doi_alpha1_beta0,8,Someone else,,0.0,1.0,0.1111111111111111,1.0,0.2222222222222222,1.0,0.3333333333333333,1.0,0.4444444444444444,1.0,0.5555555555555556,1.0,0.6666666666666666,1.0,0.7777777777777778,1.0,0.8888888888888888,1.0,0.8888888888888888
doi_alpha1_beta0,9,Someone else,,0.0,1.0,0.1111111111111111,1.0,0.2222222222222222,1.0,0.3333333333333333,1.0,0.4444444444444444,1.0,0.5555555555555556,1.0,0.6666666666666666,1.0,0.7777777777777778,1.0,0.8888888888888888,1.0,0.8888888888888888
doi_alpha1_beta0,10,Someone else,,0.0,1.0,0.1111111111111111,1.0,0.2222222222222222,1.0,0.3333333333333333,1.0,0.4444444444444444,1.0,0.5555555555555556,1.0,0.6666666666666666,1.0,0.7777777777777778,1.0,0.8888888888888888,1.0,0.8888888888888888
doi_alpha1_beta0,11,Someone else,,0.0,1.0,0.1111111111111111,1.0,0.2222222222222222,1.0,0.3333333333333333,1.0,0.4444444444444444,1.0,0.5555555555555556,1.0,0.6666666666666666,1.0,0.7777777777777778,1.0,0.8888888888888888,1.0,0.8888888888888888
doi_alpha1_beta0,12,Usedbook,,0.0,1.0,0.1111111111111111,1.0,0.2222222222222222,1.0,0.3333333333333333,1.0,0.4444444444444444,1.0,0.5555555555555556,1.0,0.6666666666666666,1.0,0.7777777777777778,1.0,0.8888888888888888,1.0,1.0
doi_alpha1_beta0,13,Usedbook,,0.0,1.0,0.1111111111111111,1.0,0.2222222222222222,1.0,0.3333333333333333,1.0,0.4444444444444444,1.0,0.5555555555555556,1.0,0.6666666666666666,1.0,0.7777777777777778,1.0,0.8888888888888888,1.0,1.0
doi_alpha1_beta0,14,Usedbook,,0.0,1.0,0.1111111111111111,1.0,0.2222222222222222,1.0,0.3333333333333333,1.0,0.4444444444444444,1.0,0.5555555555555556,1.0,0.6666666666666666,1.0,0.7777777777777778,1.0,0.8888888888888888,1.0,1.0
doi_alpha1_beta0,15,Someone else,,0.0,,0.0,,0.0,,0.0,,0.0,,0.0,,0.0,,0.0,,0.0,,0.0
doi_alpha03_beta07,9,Someone else,,0.0,,0.0,,0.0,,0.0,,0.0,,0.0,,0.0,,0.0,,0.0,,0.0
doi_alpha0_beta1,9,Someone else,,0.0,1.0,0.1111111111111111,1.0,0.2222222222222222,1.0,0.3333333333333333,1.0,0.4444444444444444,1.0,0.5555555555555556,1.0,0.5555555555555556,1.0,0.5555555555555556,1.0,0.5555555555555556,1.0,0.5555555555555556
doi_alpha1_beta0,16,Someone else,,0.0,,0.0,,0.0,,0.0,,0.0,,0.0,,0.0,,0.0,,0.0,,0.0
doi_alpha03_beta07,9,Someone else,,0.0,,0.0,,0.0,,0.0,,0.0,,0.0,,0.0,,0.0,,0.0,,0.0
doi_alpha0_beta1,9,Someone else,,0.0,1.0,0.1111111111111111,1.0,0.2222222222222222,1.0,0.3333333333333333,1.0,0.4444444444444444,1.0,0.5555555555555556,1.0,0.5555555555555556,1.0,0.5555555555555556,1.0,0.5555555555555556,1.0,0.5555555555555556
doi_alpha1_beta0,17,Mav,,0.0,1.0,0.1111111111111111,1.0,0.1111111111111111,1.0,0.1111111111111111,1.0,0.1111111111111111,1.0,0.1111111111111111,1.0,0.1111111111111111,1.0,0.1111111111111111,1.0,0.1111111111111111,1.0,0.1111111111111111
doi_alpha1_beta0,18,Populus,,0.0,,0.0,,0.0,,0.0,,0.0,,0.0,,0.0,,0.0,,0.0,,0.0,,0.0
doi_alpha1_beta0,19,Vicki Rosenzweig,,0.0,1.0,0.1,1.0,0.2,1.0,0.3,1.0,0.4,1.0,0.5,1.0,0.5,1.0,0.5,1.0,0.5,1.0,0.5,1.0,0.5
doi_alpha03_beta07,10,Vicki Rosenzweig,,0.0,1.0,0.1,1.0,0.2,1.0,0.3,1.0,0.4,1.0,0.5,1.0,0.5,1.0,0.5,1.0,0.5,1.0,0.5,1.0,0.5
doi_alpha0_beta1,10,Vicki Rosenzweig,,0.0,1.0,0.1,1.0,0.2,1.0,0.3,1.0,0.4,1.0,0.5,1.0,0.6,1.0,0.7,1.0,0.8,1.0,0.8,1.0,0.8
doi_alpha1_beta0,20,Someone else,,0.0,1.0,0.1,1.0,0.1,1.0,0.1,1.0,0.1,1.0,0.1,1.0,0.1,1.0,0.1,1.0,0.1,1.0,0.1,1.0,0.1
doi_alpha03_beta07,10,Someone else,,0.0,1.0,0.1,1.0,0.1,1.0,0.1,1.0,0.1,1.0,0.1,1.0,0.1,1.0,0.1,1.0,0.1,1.0,0.1,1.0,0.1
doi_alpha0_beta1,10,Someone else,,0.0,1.0,0.1,1.0,0.2,1.0,0.3,1.0,0.4,1.0,0.5,1.0,0.6,1.0,0.6,1.0,0.6,1.0,0.6,1.0,0.6
doi_alpha1_beta0,21,Mav,,0.0,1.0,0.1,1.0,0.1,1.0,0.1,1.0,0.1,1.0,0.1,1.0,0.1,1.0,0.1,1.0,0.1,1.0,0.1,1.0,0.1
doi_alpha03_beta07,10,Mav,,0.0,1.0,0.1,1.0,0.1,1.0,0.1,1.0,0.1,1.0,0.1,1.0,0.1,1.0,0.1,1.0,0.1,1.0,0.1,1.0,0.1
doi_alpha0_beta1,10,Mav,,0.0,1.0,0.1,1.0,0.2,1.0,0.3,1.0,0.4,1.0,0.5,1.0,0.6,1.0,0.6,1.0,0.6,1.0,0.6,1.0,0.6
doi_alpha1_beta0,22,Populus,,0.0,1.0,0.1,1.0,0.1,1.0,0.1,1.0,0.1,1.0,0.1,1.0,0.1,1.0,0.1,1.0,0.1,1.0,0.1,1.0,0.1
doi_alpha03_beta07,10,Populus,,0.0,1.0,0.1,1.0,0.1,1.0,0.1,1.0,0.1,1.0,0.1,1.0,0.1,1.0,0.1,1.0,0.1,1.0,0.1,1.0,0.1
doi_alpha0_beta1,10,Populus,,0.0,1.0,0.1,1.0,0.2,1.0,0.3,1.0,0.4,1.0,0.5,1.0,0.6,1.0,0.6,1.0,0.6,1.0,0.6,1.0,0.6
doi_alpha1_beta0,23,Opponent,,0.0,1.0,0.09090909090909091,1.0,0.09090909090909091,1.0,0.09090909090909091,1.0,0.09090909090909091,1.0,0.09090909090909091,1.0,0.09090909090909091,1.0,0.09090909090909091,1.0,0.09090909090909091,1.0,0.09090909090909091,1.0,0.09090909090909091,1.0,0.09090909090909091
doi_alpha1_beta0,24,Jmabel,,0.0,1.0,0.09090909090909091,1.0,0.18181818181818182,1.0,0.18181818181818182,1.0,0.18181818181818182,1.0,0.18181818181818182,1.0,0.18181818181818182,1.0,0.18181818181818182,1.0,0.18181818181818182,1.0,0.18181818181818182,1.0,0.18181818181818182,1.0,0.18181818181818182
doi_alpha1_beta0,25,,,0.0,1.0,0.09090909090909091,1.0,0.18181818181818182,1.0,0.18181818181818182,1.0,0.18181818181818182,1.0,0.18181818181818182,1.0,0.18181818181818182,1.0,0.18181818181818182,1.0,0.18181818181818182,1.0,0.18181818181818182,1.0,0.18181818181818182,1.0,0.18181818181818182
doi_alpha1_beta0,26,,,0.0,1.0,0.09090909090909091,1.0,0.18181818181818182,1.0,0.18181818181818182,1.0,0.18181818181818182,1.0,0.18181818181818182,1.0,0.18181818181818182,1.0,0.18181818181818182,1.0,0.18181818181818182,1.0,0.18181818181818182,1.0,0.18181818181818182,1.0,0.18181818181818182
doi_alpha1_beta0,27,,,0.0,1.0,0.09090909090909091,1.0,0.18181818181818182,1.0,0.18181818181818182,1.0,0.18181818181818182,1.0,0.18181818181818182,1.0,0.18181818181818182,1.0,0.18181818181818182,1.0,0.18181818181818182,1.0,0.18181818181818182,1.0,0.18181818181818182,1.0,0.18181818181818182
doi_alpha1_beta0,28,RedWolf,,0.0,1.0,0.08333333333333333,1.0,0.16666666666666666,1.0,0.16666666666666666,1.0,0.16666666666666666,1.0,0.16666666666666666,1.0,0.16666666666666666,1.0,0.16666666666666666,1.0,0.16666666666666666,1.0,0.16666666666666666,1.0,0.16666666666666666,1.0,0.16666666666666666,1.0,0.16666666666666666
doi_alpha1_beta0,29,,,0.0,1.0,0.08333333333333333,1.0,0.16666666666666666,1.0,0.25,1.0,0.3333333333333333,1.0,0.4166666666666667,1.0,0.5,1.0,0.5,1.0,0.5,1.0,0.5,1.0,0.5,1.0,0.5,1.0,0.5
doi_alpha1_beta0,30,,,0.0,1.0,0.08333333333333333,1.0,0.16666666666666666,1.0,0.25,1.0,0.3333333333333333,1.0,0.4166666666666667,1.0,0.5,1.0,0.5,1.0,0.5,1.0,0.5,1.0,0.5,1.0,0.5,1.0,0.5
doi_alpha1_beta0,31,Jsc07302,,0.0,1.0,0.08333333333333333,1.0,0.16666666666666666,1.0,0.25,1.0,0.3333333333333333,1.0,0.4166666666666667,1.0,0.5,1.0,0.5,1.0,0.5,1.0,0.5,1.0,0.5,1.0,0.5,1.0,0.5
doi_alpha1_beta0,32,Hephaestos,,0.0,1.0,0.08333333333333333,1.0,0.16666666666666666,1.0,0.25,1.0,0.3333333333333333,1.0,0.4166666666666667,1.0,0.5,1.0,0.5,1.0,0.5,1.0,0.5,1.0,0.5,1.0,0.5,1.0,0.5
doi_alpha1_beta0,33,Jsc07302,,0.0,,0.0,,0.0,,0.0,,0.0,,0.0,,0.0,,0.0,,0.0,,0.0,,0.0,,0.0,,0.0
doi_alpha03_beta07,12,Jsc07302,,0.0,,0.0,,0.0,,0.0,,0.0,,0.0,,0.0,,0.0,,0.0,,0.0,,0.0,,0.0,,0.0
doi_alpha0_beta1,12,Jsc07302,,0.0,1.0,0.08333333333333333,1.0,0.16666666666666666,1.0,0.25,1.0,0.3333333333333333,1.0,0.4166666666666667,1.0,0.5,1.0,0.5,1.0,0.5,1.0,0.5,1.0,0.5,1.0,0.5,1.0,0.5
doi_alpha1_beta0,34,Hephaestos,,0.0,,0.0,,0.0,,0.0,,0.0,,0.0,,0.0,,0.0,,0.0,,0.0,,0.0,,0.0,,0.0
doi_alpha03_beta07,12,Hephaestos,,0.0,,0.0,,0.0,,0.0,,0.0,,0.0,,0.0,,0.0,,0.0,,0.0,,0.0,,0.0,,0.0
doi_alpha0_beta1,12,Hephaestos,,0.0,1.0,0.08333333333333333,1.0,0.16666666666666666,1.0,0.25,1.0,0.3333333333333333,1.0,0.4166666666666667,1.0,0.4166666666666667,1.0,0.4166666666666667,1.0,0.4166666666666667,1.0,0.4166666666666667,1.0,0.4166666666666667,1.0,0.4166666666666667,1.0,0.4166666666666667
doi_alpha1_beta0,35,Jsc07302,,0.0,,0.0,,0.0,,0.0,,0.0,,0.0,,0.0,,0.0,,0.0,,0.0,,0.0,,0.0,,0.0
doi_alpha03_beta07,12,Jsc07302,,0.0,,0.0,,0.0,,0.0,,0.0,,0.0,,0.0,,0.0,,0.0,,0.0,,0.0,,0.0,,0.0
doi_alpha0_beta1,12,Jsc07302,,0.0,1.0,0.08333333333333333,1.0,0.16666666666666666,1.0,0.25,1.0,0.3333333333333333,1.0,0.4166666666666667,1.0,0.4166666666666667,1.0,0.4166666666666667,1.0,0.4166666666666667,1.0,0.4166666666666667,1.0,0.4166666666666667,1.0,0.4166666666666667,1.0,0.4166666666666667
doi_alpha1_beta0,36,Jsc07302,,0.0,,0.0,,0.0,,0.0,,0.0,,0.0,,0.0,,0.0,,0.0,,0.0,,0.0,,0.0,,0.0
doi_alpha03_beta07,12,Jsc07302,,0.0,,0.0,,0.0,,0.0,,0.0,,0.0,,0.0,,0.0,,0.0,,0.0,,0.0,,0.0,,0.0
doi_alpha0_beta1,12,Jsc07302,,0.0,1.0,0.08333333333333333,1.0,0.16666666666666666,1.0,0.25,1.0,0.3333333333333333,1.0,0.4166666666666667,1.0,0.4166666666666667,1.0,0.4166666666666667,1.0,0.4166666666666667,1.0,0.4166666666666667,1.0,0.4166666666666667,1.0,0.4166666666666667,1.0,0.4166666666666667
doi_alpha1_beta0,37,Jsc07302,,0.0,,0.0,,0.0,,0.0,,0.0,,0.0,,0.0,,0.0,,0.0,,0.0,,0.0,,0.0,,0.0
doi_alpha03_beta07,12,Jsc07302,,0.0,,0.0,,0.0,,0.0,,0.0,,0.0,,0.0,,0.0,,0.0,,0.0,,0.0,,0.0,,0.0
doi_alpha0_beta1,12,Jsc07302,,0.0,1.0,0.08333333333333333,1.0,0.16666666666666666,1.0,0.25,1.0,0.3333333333333333,1.0,0.4166666666666667,1.0,0.4166666666666667,1.0,0.4166666666666667,1.0,0.4166666666666667,1.0,0.4166666666666667,1.0,0.4166666666666667,1.0,0.4166666666666667,1.0,0.4166666666666667
doi_alpha1_beta0,38,Jsc07302,,0.0,,0.0,,0.0,,0.0,,0.0,,0.0,,0.0,,0.0,,0.0,,0.0,,0.0,,0.0,,0.0
doi_alpha03_beta07,12,Jsc07302,,0.0,,0.0,,0.0,,0.0,,0.0,,0.0,,0.0,,0.0,,0.0,,0.0,,0.0,,0.0,,0.0
doi_alpha0_beta1,12,Jsc07302,,0.0,1.0,0.08333333333333333,1.0,0.16666666666666666,1.0,0.25,1.0,0.3333333333333333,1.0,0.4166666666666667,1.0,0.4166666666666667,1.0,0.4166666666666667,1.0,0.4166666666666667,1.0,0.4166666666666667,1.0,0.4166666666666667,1.0,0.4166666666666667,1.0,0.4166666666666667
doi_alpha1_beta0,39,Jsc07302,,0.0,,0.0,,0.0,,0.0,,0.0,,0.0,,0.0,,0.0,,0.0,,0.0,,0.0,,0.0,,0.0
doi_alpha03_beta07,12,Jsc07302,,0.0,,0.0,,0.0,,0.0,,0.0,,0.0,,0.0,,0.0,,0.0,,0.0,,0.0,,0.0,,0.0
doi_alpha0_beta1,12,Jsc07302,,0.0,1.0,0.08333333333333333,1.0,0.16666666666666666,1.0,0.25,1.0,0.3333333333333333,1.0,0.4166666666666667,1.0,0.4166666666666667,1.0,0.4166666666666667,1.0,0.4166666666666667,1.0,0.4166666666666667,1.0,0.4166666666666667,1.0,0.4166666666666667,1.0,0.4166666666666667
doi_alpha1_beta0,40,Maximus Rex,,0.0,1.0,0.08333333333333333,1.0,0.16666666666666666,1.0,0.16666666666666666,1.0,0.16666666666666666,1.0,0.16666666666666666,1.0,0.16666666666666666,1.0,0.16666666666666666,1.0,0.16666666666666666,1.0,0.16666666666666666,1.0,0.16666666666666666,1.0,0.16666666666666666,1.0,0.16666666666666666
doi_alpha1_beta0,41,Jsc07302,,0.0,,0.0,,0.0,,0.0,,0.0,,0.0,,0.0,,0.0,,0.0,,0.0,,0.0,,0.0,,0.0
doi_alpha03_beta07,12,Jsc07302,,0.0,,0.0,,0.0,,0.0,,0.0,,0.0,,0.0,,0.0,,0.0,,0.0,,0.0,,0.0,,0.0
doi_alpha0_beta1,12,Jsc07302,,0.0,1.0,0.08333333333333333,1.0,0.16666666666666666,1.0,0.25,1.0,0.3333333333333333,1.0,0.3333333333333333,1.0,0.3333333333333333,1.0,0.3333333333333333,1.0,0.3333333333333333,1.0,0.3333333333333333,1.0,0.3333333333333333,1.0,0.3333333333333333,1.0,0.3333333333333333
doi_alpha1_beta0,42,Chrisn4255,,0.0,1.0,0.08333333333333333,1.0,0.08333333333333333,1.0,0.08333333333333333,1.0,0.08333333333333333,1.0,0.08333333333333333,1.0,0.08333333333333333,1.0,0.08333333333333333,1.0,0.08333333333333333,1.0,0.08333333333333333,1.0,0.08333333333333333,1.0,0.08333333333333333,1.0,0.08333333333333333
doi_alpha1_beta0,43,Jsc07302,,0.0,,0.0,,0.0,,0.0,,0.0,,0.0,,0.0,,0.0,,0.0,,0.0,,0.0,,0.0,,0.0
doi_alpha03_beta07,12,Jsc07302,,0.0,,0.0,,0.0,,0.0,,0.0,,0.0,,0.0,,0.0,,0.0,,0.0,,0.0,,0.0,,0.0
doi_alpha0_beta1,12,Jsc07302,,0.0,1.0,0.08333333333333333,1.0,0.16666666666666666,1.0,0.25,1.0,0.3333333333333333,1.0,0.3333333333333333,1.0,0.3333333333333333,1.0,0.3333333333333333,1.0,0.3333333333333333,1.0,0.3333333333333333,1.0,0.3333333333333333,1.0,0.3333333333333333,1.0,0.3333333333333333
doi_alpha1_beta0,44,Jsc07302,,0.0,,0.0,,0.0,,0.0,,0.0,,0.0,,0.0,,0.0,,0.0,,0.0,,0.0,,0.0,,0.0
doi_alpha03_beta07,12,Jsc07302,,0.0,,0.0,,0.0,,0.0,,0.0,,0.0,,0.0,,0.0,,0.0,,0.0,,0.0,,0.0,,0.0
doi_alpha0_beta1,12,Jsc07302,,0.0,1.0,0.08333333333333333,1.0,0.16666666666666666,1.0,0.25,1.0,0.3333333333333333,1.0,0.3333333333333333,1.0,0.3333333333333333,1.0,0.3333333333333333,1.0,0.3333333333333333,1.0,0.3333333333333333,1.0,0.3333333333333333,1.0,0.3333333333333333,1.0,0.3333333333333333
doi_alpha1_beta0,45,Jsc07302,,0.0,,0.0,,0.0,,0.0,,0.0,,0.0,,0.0,,0.0,,0.0,,0.0,,0.0,,0.0,,0.0
doi_alpha03_beta07,12,Jsc07302,,0.0,,0.0,,0.0,,0.0,,0.0,,0.0,,0.0,,0.0,,0.0,,0.0,,0.0,,0.0,,0.0
doi_alpha0_beta1,12,Jsc07302,,0.0,1.0,0.08333333333333333,1.0,0.16666666666666666,1.0,0.25,1.0,0.3333333333333333,1.0,0.3333333333333333,1.0,0.3333333333333333,1.0,0.3333333333333333,1.0,0.3333333333333333,1.0,0.3333333333333333,1.0,0.3333333333333333,1.0,0.3333333333333333,1.0,0.3333333333333333
doi_alpha1_beta0,46,Jsc07302,,0.0,,0.0,,0.0,,0.0,,0.0,,0.0,,0.0,,0.0,,0.0,,0.0,,0.0,,0.0,,0.0
doi_alpha03_beta07,12,Jsc07302,,0.0,,0.0,,0.0,,0.0,,0.0,,0.0,,0.0,,0.0,,0.0,,0.0,,0.0,,0.0,,0.0
doi_alpha0_beta1,12,Jsc07302,,0.0,1.0,0.08333333333333333,1.0,0.16666666666666666,1.0,0.25,1.0,0.3333333333333333,1.0,0.3333333333333333,1.0,0.3333333333333333,1.0,0.3333333333333333,1.0,0.3333333333333333,1.0,0.3333333333333333,1.0,0.3333333333333333,1.0,0.3333333333333333,1.0,0.3333333333333333
doi_alpha1_beta0,47,RedWolf,,0.0,1.0,0.08333333333333333,1.0,0.16666666666666666,1.0,0.16666666666666666,1.0,0.16666666666666666,1.0,0.16666666666666666,1.0,0.16666666666666666,1.0,0.16666666666666666,1.0,0.16666666666666666,1.0,0.16666666666666666,1.0,0.16666666666666666,1.0,0.16666666666666666,1.0,0.16666666666666666
doi_alpha03_beta07,12,RedWolf,,0.0,1.0,0.08333333333333333,1.0,0.16666666666666666,1.0,0.16666666666666666,1.0,0.16666666666666666,1.0,0.16666666666666666,1.0,0.16666666666666666,1.0,0.16666666666666666,1.0,0.16666666666666666,1.0,0.16666666666666666,1.0,0.16666666666666666,1.0,0.16666666666666666,1.0,0.16666666666666666
doi_alpha0_beta1,12,RedWolf,,0.0,1.0,0.08333333333333333,1.0,0.16666666666666666,1.0,0.25,1.0,0.3333333333333333,1.0,0.4166666666666667,1.0,0.5,1.0,0.5,1.0,0.5,1.0,0.5,1.0,0.5,1.0,0.5,1.0,0.5
doi_alpha1_beta0,48,Jsc07302,,0.0,,0.0,,0.0,,0.0,,0.0,,0.0,,0.0,,0.0,,0.0,,0.0,,0.0,,0.0,,0.0
doi_alpha03_beta07,12,Jsc07302,,0.0,,0.0,,0.0,,0.0,,0.0,,0.0,,0.0,,0.0,,0.0,,0.0,,0.0,,0.0,,0.0
doi_alpha0_beta1,12,Jsc07302,,0.0,1.0,0.08333333333333333,1.0,0.16666666666666666,1.0,0.25,1.0,0.3333333333333333,1.0,0.3333333333333333,1.0,0.3333333333333333,1.0,0.3333333333333333,1.0,0.3333333333333333,1.0,0.3333333333333333,1.0,0.3333333333333333,1.0,0.3333333333333333,1.0,0.3333333333333333
doi_alpha1_beta0,49,Jsc07302,,0.0,,0.0,,0.0,,0.0,,0.0,,0.0,,0.0,,0.0,,0.0,,0.0,,0.0,,0.0,,0.0
doi_alpha03_beta07,12,Jsc07302,,0.0,,0.0,,0.0,,0.0,,0.0,,0.0,,0.0,,0.0,,0.0,,0.0,,0.0,,0.0,,0.0
doi_alpha0_beta1,12,Jsc07302,,0.0,1.0,0.08333333333333333,1.0,0.16666666666666666,1.0,0.25,1.0,0.3333333333333333,1.0,0.3333333333333333,1.0,0.3333333333333333,1.0,0.3333333333333333,1.0,0.3333333333333333,1.0,0.3333333333333333,1.0,0.3333333333333333,1.0,0.3333333333333333,1.0,0.3333333333333333
doi_alpha1_beta0,50,,,0.0,,0.0,,0.0,,0.0,,0.0,,0.0,,0.0,,0.0,,0.0,,0.0,,0.0,,0.0,,0.0
doi_alpha1_beta0,51,Ahoerstemeier,,0.0,,0.0,,0.0,,0.0,,0.0,,0.0,,0.0,,0.0,,0.0,,0.0,,0.0,,0.0,,0.0
doi_alpha1_beta0,52,,,0.0,,0.0,,0.0,,0.0,,0.0,,0.0,,0.0,,0.0,,0.0,,0.0,,0.0,,0.0,,0.0
doi_alpha1_beta0,53,Ahoerstemeier,,0.0,,0.0,,0.0,,0.0,,0.0,,0.0,,0.0,,0.0,,0.0,,0.0,,0.0,,0.0,,0.0
doi_alpha03_beta07,12,Ahoerstemeier,,0.0,,0.0,,0.0,,0.0,,0.0,,0.0,,0.0,,0.0,,0.0,,0.0,,0.0,,0.0,,0.0
doi_alpha0_beta1,12,Ahoerstemeier,,0.0,1.0,0.08333333333333333,1.0,0.16666666666666666,1.0,0.25,1.0,0.3333333333333333,1.0,0.3333333333333333,1.0,0.3333333333333333,1.0,0.3333333333333333,1.0,0.3333333333333333,1.0,0.3333333333333333,1.0,0.3333333333333333,1.0,0.3333333333333333,1.0,0.3333333333333333
doi_alpha1_beta0,54,,,0.0,,0.0,,0.0,,0.0,,0.0,,0.0,,0.0,,0.0,,0.0,,0.0,,0.0,,0.0,,0.0
doi_alpha1_beta0,55,Fuzheado,,0.0,,0.0,,0.0,,0.0,,0.0,,0.0,,0.0,,0.0,,0.0,,0.0,,0.0,,0.0,,0.0
doi_alpha1_beta0,56,Jsc07302,,0.0,,0.0,,0.0,,0.0,,0.0,,0.0,,0.0,,0.0,,0.0,,0.0,,0.0,,0.0,,0.0
doi_alpha03_beta07,12,Jsc07302,,0.0,,0.0,,0.0,,0.0,,0.0,,0.0,,0.0,,0.0,,0.0,,0.0,,0.0,,0.0,,0.0
doi_alpha0_beta1,12,Jsc07302,,0.0,1.0,0.08333333333333333,1.0,0.16666666666666666,1.0,0.25,1.0,0.3333333333333333,1.0,0.3333333333333333,1.0,0.3333333333333333,1.0,0.3333333333333333,1.0,0.3333333333333333,1.0,0.3333333333333333,1.0,0.3333333333333333,1.0,0.3333333333333333,1.0,0.3333333333333333
doi_alpha1_beta0,57,Rogper,,0.0,,0.0,,0.0,,0.0,,0.0,,0.0,,0.0,,0.0,,0.0,,0.0,,0.0,,0.0,,0.0
doi_alpha1_beta0,58,,,0.0,,0.0,,0.0,,0.0,,0.0,,0.0,,0.0,,0.0,,0.0,,0.0,,0.0,,0.0,,0.0
doi_alpha1_beta0,59,,,0.0,,0.0,,0.0,,0.0,,0.0,,0.0,,0.0,,0.0,,0.0,,0.0,,0.0,,0.0,,0.0
doi_alpha1_beta0,60,,,0.0,1.0,0.08333333333333333,1.0,0.08333333333333333,1.0,0.08333333333333333,1.0,0.08333333333333333,1.0,0.08333333333333333,1.0,0.08333333333333333,1.0,0.08333333333333333,1.0,0.08333333333333333,1.0,0.08333333333333333,1.0,0.08333333333333333,1.0,0.08333333333333333,1.0,0.08333333333333333
doi_alpha1_beta0,61,Fuzheado,,0.0,1.0,0.08333333333333333,1.0,0.08333333333333333,1.0,0.08333333333333333,1.0,0.08333333333333333,1.0,0.08333333333333333,1.0,0.08333333333333333,1.0,0.08333333333333333,1.0,0.08333333333333333,1.0,0.08333333333333333,1.0,0.08333333333333333,1.0,0.08333333333333333,1.0,0.08333333333333333
doi_alpha03_beta07,12,Fuzheado,,0.0,1.0,0.08333333333333333,1.0,0.08333333333333333,1.0,0.08333333333333333,1.0,0.08333333333333333,1.0,0.08333333333333333,1.0,0.08333333333333333,1.0,0.08333333333333333,1.0,0.08333333333333333,1.0,0.08333333333333333,1.0,0.08333333333333333,1.0,0.08333333333333333,1.0,0.08333333333333333
doi_alpha0_beta1,12,Fuzheado,,0.0,1.0,0.08333333333333333,1.0,0.16666666666666666,1.0,0.25,1.0,0.3333333333333333,1.0,0.4166666666666667,1.0,0.4166666666666667,1.0,0.4166666666666667,1.0,0.4166666666666667,1.0,0.4166666666666667,1.0,0.4166666666666667,1.0,0.4166666666666667,1.0,0.4166666666666667
doi_alpha1_beta0,62,Nevilley,,0.0,1.0,0.08333333333333333,1.0,0.08333333333333333,1.0,0.08333333333333333,1.0,0.08333333333333333,1.0,0.08333333333333333,1.0,0.08333333333333333,1.0,0.08333333333333333,1.0,0.08333333333333333,1.0,0.08333333333333333,1.0,0.08333333333333333,1.0,0.08333333333333333,1.0,0.08333333333333333
doi_alpha1_beta0,63,Acornlord,,0.0,1.0,0.07692307692307693,1.0,0.07692307692307693,1.0,0.07692307692307693,1.0,0.07692307692307693,1.0,0.07692307692307693,1.0,0.07692307692307693,1.0,0.07692307692307693,1.0,0.07692307692307693,1.0,0.07692307692307693,1.0,0.07692307692307693,1.0,0.07692307692307693,1.0,0.07692307692307693,1.0,0.07692307692307693
doi_alpha1_beta0,64,Acornlord,,0.0,1.0,0.07692307692307693,1.0,0.07692307692307693,1.0,0.07692307692307693,1.0,0.07692307692307693,1.0,0.07692307692307693,1.0,0.07692307692307693,1.0,0.07692307692307693,1.0,0.07692307692307693,1.0,0.07692307692307693,1.0,0.07692307692307693,1.0,0.07692307692307693,1.0,0.07692307692307693,1.0,0.07692307692307693
doi_alpha1_beta0,65,Fuzheado,,0.0,1.0,0.07692307692307693,1.0,0.15384615384615385,1.0,0.15384615384615385,1.0,0.15384615384615385,1.0,0.15384615384615385,1.0,0.15384615384615385,1.0,0.15384615384615385,1.0,0.15384615384615385,1.0,0.15384615384615385,1.0,0.15384615384615385,1.0,0.15384615384615385,1.0,0.15384615384615385,1.0,0.15384615384615385
doi_alpha03_beta07,13,Fuzheado,,0.0,1.0,0.07692307692307693,1.0,0.15384615384615385,1.0,0.15384615384615385,1.0,0.15384615384615385,1.0,0.15384615384615385,1.0,0.15384615384615385,1.0,0.15384615384615385,1.0,0.15384615384615385,1.0,0.15384615384615385,1.0,0.15384615384615385,1.0,0.15384615384615385,1.0,0.15384615384615385,1.0,0.15384615384615385
doi_alpha0_beta1,13,Fuzheado,,0.0,1.0,0.07692307692307693,1.0,0.15384615384615385,1.0,0.23076923076923078,1.0,0.3076923076923077,1.0,0.38461538461538464,1.0,0.46153846153846156,1.0,0.5384615384615384,1.0,0.5384615384615384,1.0,0.5384615384615384,1.0,0.5384615384615384,1.0,0.5384615384615384,1.0,0.5384615384615384,1.0,0.5384615384615384
doi_alpha1_beta0,66,Nevilley,,0.0,1.0,0.07692307692307693,1.0,0.15384615384615385,1.0,0.15384615384615385,1.0,0.15384615384615385,1.0,0.15384615384615385,1.0,0.15384615384615385,1.0,0.15384615384615385,1.0,0.15384615384615385,1.0,0.15384615384615385,1.0,0.15384615384615385,1.0,0.15384615384615385,1.0,0.15384615384615385,1.0,0.15384615384615385
doi_alpha03_beta07,13,Nevilley,,0.0,1.0,0.07692307692307693,1.0,0.15384615384615385,1.0,0.15384615384615385,1.0,0.15384615384615385,1.0,0.15384615384615385,1.0,0.15384615384615385,1.0,0.15384615384615385,1.0,0.15384615384615385,1.0,0.15384615384615385,1.0,0.15384615384615385,1.0,0.15384615384615385,1.0,0.15384615384615385,1.0,0.15384615384615385
doi_alpha0_beta1,13,Nevilley,,0.0,1.0,0.07692307692307693,1.0,0.15384615384615385,1.0,0.23076923076923078,1.0,0.3076923076923077,1.0,0.38461538461538464,1.0,0.46153846153846156,1.0,0.5384615384615384,1.0,0.5384615384615384,1.0,0.5384615384615384,1.0,0.5384615384615384,1.0,0.5384615384615384,1.0,0.5384615384615384,1.0,0.5384615384615384
doi_alpha1_beta0,67,Fuzheado,,0.0,,0.0,,0.0,,0.0,,0.0,,0.0,,0.0,,0.0,,0.0,,0.0,,0.0,,0.0,,0.0,,0.0
doi_alpha03_beta07,13,Fuzheado,,0.0,,0.0,,0.0,,0.0,,0.0,,0.0,,0.0,,0.0,,0.0,,0.0,,0.0,,0.0,,0.0,,0.0
doi_alpha0_beta1,13,Fuzheado,,0.0,1.0,0.07692307692307693,1.0,0.15384615384615385,1.0,0.23076923076923078,1.0,0.3076923076923077,1.0,0.38461538461538464,1.0,0.38461538461538464,1.0,0.38461538461538464,1.0,0.38461538461538464,1.0,0.38461538461538464,1.0,0.38461538461538464,1.0,0.38461538461538464,1.0,0.38461538461538464,1.0,0.38461538461538464
doi_alpha1_beta0,68,,,0.0,1.0,0.07692307692307693,1.0,0.15384615384615385,1.0,0.23076923076923078,1.0,0.23076923076923078,1.0,0.23076923076923078,1.0,0.23076923076923078,1.0,0.23076923076923078,1.0,0.23076923076923078,1.0,0.23076923076923078,1.0,0.23076923076923078,1.0,0.23076923076923078,1.0,0.23076923076923078,1.0,0.23076923076923078
doi_alpha1_beta0,69,Jsc07302,,0.0,1.0,0.07692307692307693,1.0,0.15384615384615385,1.0,0.23076923076923078,1.0,0.23076923076923078,1.0,0.23076923076923078,1.0,0.23076923076923078,1.0,0.23076923076923078,1.0,0.23076923076923078,1.0,0.23076923076923078,1.0,0.23076923076923078,1.0,0.23076923076923078,1.0,0.23076923076923078,1.0,0.23076923076923078
doi_alpha03_beta07,13,Jsc07302,,0.0,1.0,0.07692307692307693,1.0,0.15384615384615385,1.0,0.23076923076923078,1.0,0.23076923076923078,1.0,0.23076923076923078,1.0,0.23076923076923078,1.0,0.23076923076923078,1.0,0.23076923076923078,1.0,0.23076923076923078,1.0,0.23076923076923078,1.0,0.23076923076923078,1.0,0.23076923076923078,1.0,0.23076923076923078
doi_alpha0_beta1,13,Jsc07302,,0.0,1.0,0.07692307692307693,1.0,0.15384615384615385,1.0,0.23076923076923078,1.0,0.3076923076923077,1.0,0.38461538461538464,1.0,0.46153846153846156,1.0,0.5384615384615384,1.0,0.5384615384615384,1.0,0.5384615384615384,1.0,0.5384615384615384,1.0,0.5384615384615384,1.0,0.5384615384615384,1.0,0.5384615384615384
doi_alpha1_beta0,70,Chrisn4255,,0.0,1.0,0.07692307692307693,1.0,0.15384615384615385,1.0,0.23076923076923078,1.0,0.23076923076923078,1.0,0.23076923076923078,1.0,0.23076923076923078,1.0,0.23076923076923078,1.0,0.23076923076923078,1.0,0.23076923076923078,1.0,0.23076923076923078,1.0,0.23076923076923078,1.0,0.23076923076923078,1.0,0.23076923076923078
doi_alpha03_beta07,13,Chrisn4255,,0.0,1.0,0.07692307692307693,1.0,0.15384615384615385,1.0,0.23076923076923078,1.0,0.23076923076923078,1.0,0.23076923076923078,1.0,0.23076923076923078,1.0,0.23076923076923078,1.0,0.23076923076923078,1.0,0.23076923076923078,1.0,0.23076923076923078,1.0,0.23076923076923078,1.0,0.23076923076923078,1.0,0.23076923076923078
doi_alpha0_beta1,13,Chrisn4255,,0.0,1.0,0.07692307692307693,1.0,0.15384615384615385,1.0,0.23076923076923078,1.0,0.3076923076923077,1.0,0.38461538461538464,1.0,0.46153846153846156,1.0,0.5384615384615384,1.0,0.5384615384615384,1.0,0.5384615384615384,1.0,0.5384615384615384,1.0,0.5384615384615384,1.0,0.5384615384615384,1.0,0.5384615384615384
doi_alpha1_beta0,71,Acornlord,,0.0,,0.0,,0.0,,0.0,,0.0,,0.0,,0.0,,0.0,,0.0,,0.0,,0.0,,0.0,,0.0,,0.0,,0.0
doi_alpha03_beta07,14,Acornlord,,0.0,,0.0,,0.0,,0.0,,0.0,,0.0,,0.0,,0.0,,0.0,,0.0,,0.0,,0.0,,0.0,,0.0,,0.0
doi_alpha0_beta1,14,Acornlord,,0.0,1.0,0.07142857142857142,1.0,0.14285714285714285,1.0,0.21428571428571427,1.0,0.2857142857142857,1.0,0.35714285714285715,1.0,0.35714285714285715,1.0,0.35714285714285715,1.0,0.35714285714285715,1.0,0.35714285714285715,1.0,0.35714285714285715,1.0,0.35714285714285715,1.0,0.35714285714285715,1.0,0.35714285714285715,1.0,0.35714285714285715
doi_alpha1_beta0,72,Fuzheado,,0.0,1.0,0.07142857142857142,1.0,0.07142857142857142,1.0,0.07142857142857142,1.0,0.07142857142857142,1.0,0.07142857142857142,1.0,0.07142857142857142,1.0,0.07142857142857142,1.0,0.07142857142857142,1.0,0.07142857142857142,1.0,0.07142857142857142,1.0,0.07142857142857142,1.0,0.07142857142857142,1.0,0.07142857142857142,1.0,0.07142857142857142
doi_alpha03_beta07,14,Fuzheado,,0.0,1.0,0.07142857142857142,1.0,0.07142857142857142,1.0,0.07142857142857142,1.0,0.07142857142857142,1.0,0.07142857142857142,1.0,0.07142857142857142,1.0,0.07142857142857142,1.0,0.07142857142857142,1.0,0.07142857142857142,1.0,0.07142857142857142,1.0,0.07142857142857142,1.0,0.07142857142857142,1.0,0.07142857142857142,1.0,0.07142857142857142
doi_alpha0_beta1,14,Fuzheado,,0.0,1.0,0.07142857142857142,1.0,0.14285714285714285,1.0,0.21428571428571427,1.0,0.2857142857142857,1.0,0.35714285714285715,1.0,0.42857142857142855,1.0,0.42857142857142855,1.0,0.42857142857142855,1.0,0.42857142857142855,1.0,0.42857142857142855,1.0,0.42857142857142855,1.0,0.42857142857142855,1.0,0.42857142857142855,1.0,0.42857142857142855
doi_alpha1_beta0,73,,,0.0,1.0,0.07142857142857142,1.0,0.14285714285714285,1.0,0.21428571428571427,1.0,0.21428571428571427,1.0,0.21428571428571427,1.0,0.21428571428571427,1.0,0.21428571428571427,1.0,0.21428571428571427,1.0,0.21428571428571427,1.0,0.21428571428571427,1.0,0.21428571428571427,1.0,0.21428571428571427,1.0,0.21428571428571427,1.0,0.21428571428571427
doi_alpha1_beta0,74,Acornlord,,0.0,,0.0,,0.0,,0.0,,0.0,,0.0,,0.0,,0.0,,0.0,,0.0,,0.0,,0.0,,0.0,,0.0,,0.0,,0.0
doi_alpha03_beta07,15,Acornlord,,0.0,,0.0,,0.0,,0.0,,0.0,,0.0,,0.0,,0.0,,0.0,,0.0,,0.0,,0.0,,0.0,,0.0,,0.0,,0.0
doi_alpha0_beta1,15,Acornlord,,0.0,1.0,0.06666666666666667,1.0,0.13333333333333333,1.0,0.2,1.0,0.26666666666666666,1.0,0.3333333333333333,1.0,0.4,1.0,0.4,1.0,0.4,1.0,0.4,1.0,0.4,1.0,0.4,1.0,0.4,1.0,0.4,1.0,0.4,1.0,0.4
doi_alpha1_beta0,75,Acornlord,,0.0,,0.0,,0.0,,0.0,,0.0,,0.0,,0.0,,0.0,,0.0,,0.0,,0.0,,0.0,,0.0,,0.0,,0.0,,0.0,,0.0
doi_alpha03_beta07,16,Acornlord,,0.0,,0.0,,0.0,,0.0,,0.0,,0.0,,0.0,,0.0,,0.0,,0.0,,0.0,,0.0,,0.0,,0.0,,0.0,,0.0,,0.0
doi_alpha0_beta1,16,Acornlord,,0.0,1.0,0.0625,1.0,0.125,1.0,0.1875,1.0,0.25,1.0,0.3125,1.0,0.375,1.0,0.375,1.0,0.375,1.0,0.375,1.0,0.375,1.0,0.375,1.0,0.375,1.0,0.375,1.0,0.375,1.0,0.375,1.0,0.375
doi_alpha1_beta0,76,Fuzheado,,0.0,1.0,0.0625,1.0,0.125,1.0,0.125,1.0,0.125,1.0,0.125,1.0,0.125,1.0,0.125,1.0,0.125,1.0,0.125,1.0,0.125,1.0,0.125,1.0,0.125,1.0,0.125,1.0,0.125,1.0,0.125,1.0,0.125
doi_alpha03_beta07,16,Fuzheado,,0.0,1.0,0.0625,1.0,0.125,1.0,0.125,1.0,0.125,1.0,0.125,1.0,0.125,1.0,0.125,1.0,0.125,1.0,0.125,1.0,0.125,1.0,0.125,1.0,0.125,1.0,0.125,1.0,0.125,1.0,0.125,1.0,0.125
doi_alpha0_beta1,16,Fuzheado,,0.0,1.0,0.0625,1.0,0.125,1.0,0.1875,1.0,0.25,1.0,0.3125,1.0,0.375,1.0,0.4375,1.0,0.5,1.0,0.5,1.0,0.5,1.0,0.5,1.0,0.5,1.0,0.5,1.0,0.5,1.0,0.5,1.0,0.5
doi_alpha1_beta0,77,Fuzheado,,0.0,1.0,0.0625,1.0,0.125,1.0,0.125,1.0,0.125,1.0,0.125,1.0,0.125,1.0,0.125,1.0,0.125,1.0,0.125,1.0,0.125,1.0,0.125,1.0,0.125,1.0,0.125,1.0,0.125,1.0,0.125,1.0,0.125
doi_alpha03_beta07,16,Fuzheado,,0.0,1.0,0.0625,1.0,0.125,1.0,0.125,1.0,0.125,1.0,0.125,1.0,0.125,1.0,0.125,1.0,0.125,1.0,0.125,1.0,0.125,1.0,0.125,1.0,0.125,1.0,0.125,1.0,0.125,1.0,0.125,1.0,0.125
doi_alpha0_beta1,16,Fuzheado,,0.0,1.0,0.0625,1.0,0.125,1.0,0.1875,1.0,0.25,1.0,0.3125,1.0,0.375,1.0,0.4375,1.0,0.5,1.0,0.5,1.0,0.5,1.0,0.5,1.0,0.5,1.0,0.5,1.0,0.5,1.0,0.5,1.0,0.5
doi_alpha1_beta0,78,Nunh-huh,,0.0,1.0,0.0625,1.0,0.125,1.0,0.1875,1.0,0.1875,1.0,0.1875,1.0,0.1875,1.0,0.1875,1.0,0.1875,1.0,0.1875,1.0,0.1875,1.0,0.1875,1.0,0.1875,1.0,0.1875,1.0,0.1875,1.0,0.1875,1.0,0.1875
doi_alpha1_beta0,79,,,0.0,1.0,0.0625,1.0,0.125,1.0,0.1875,1.0,0.1875,1.0,0.1875,1.0,0.1875,1.0,0.1875,1.0,0.1875,1.0,0.1875,1.0,0.1875,1.0,0.1875,1.0,0.1875,1.0,0.1875,1.0,0.1875,1.0,0.1875,1.0,0.1875
doi_alpha1_beta0,80,Fuzheado,,0.0,,0.0,,0.0,,0.0,,0.0,,0.0,,0.0,,0.0,,0.0,,0.0,,0.0,,0.0,,0.0,,0.0,,0.0,,0.0,,0.0
doi_alpha03_beta07,16,Fuzheado,,0.0,,0.0,,0.0,,0.0,,0.0,,0.0,,0.0,,0.0,,0.0,,0.0,,0.0,,0.0,,0.0,,0.0,,0.0,,0.0,,0.0
doi_alpha0_beta1,16,Fuzheado,,0.0,1.0,0.0625,1.0,0.125,1.0,0.1875,1.0,0.25,1.0,0.3125,1.0,0.375,1.0,0.4375,1.0,0.4375,1.0,0.4375,1.0,0.4375,1.0,0.4375,1.0,0.4375,1.0,0.4375,1.0,0.4375,1.0,0.4375,1.0,0.4375
doi_alpha1_beta0,81,,,0.0,1.0,0.0625,1.0,0.125,1.0,0.1875,1.0,0.1875,1.0,0.1875,1.0,0.1875,1.0,0.1875,1.0,0.1875,1.0,0.1875,1.0,0.1875,1.0,0.1875,1.0,0.1875,1.0,0.1875,1.0,0.1875,1.0,0.1875,1.0,0.1875
doi_alpha1_beta0,82,,,0.0,1.0,0.0625,1.0,0.125,1.0,0.1875,1.0,0.1875,1.0,0.1875,1.0,0.1875,1.0,0.1875,1.0,0.1875,1.0,0.1875,1.0,0.1875,1.0,0.1875,1.0,0.1875,1.0,0.1875,1.0,0.1875,1.0,0.1875,1.0,0.1875
doi_alpha1_beta0,83,Acornlord,,0.0,1.0,0.0625,1.0,0.125,1.0,0.125,1.0,0.125,1.0,0.125,1.0,0.125,1.0,0.125,1.0,0.125,1.0,0.125,1.0,0.125,1.0,0.125,1.0,0.125,1.0,0.125,1.0,0.125,1.0,0.125,1.0,0.125
doi_alpha03_beta07,16,Acornlord,,0.0,1.0,0.0625,1.0,0.125,1.0,0.125,1.0,0.125,1.0,0.125,1.0,0.125,1.0,0.125,1.0,0.125,1.0,0.125,1.0,0.125,1.0,0.125,1.0,0.125,1.0,0.125,1.0,0.125,1.0,0.125,1.0,0.125
doi_alpha0_beta1,16,Acornlord,,0.0,1.0,0.0625,1.0,0.125,1.0,0.1875,1.0,0.25,1.0,0.3125,1.0,0.375,1.0,0.4375,1.0,0.5,1.0,0.5,1.0,0.5,1.0,0.5,1.0,0.5,1.0,0.5,1.0,0.5,1.0,0.5,1.0,0.5
doi_alpha1_beta0,84,Fuzheado,,0.0,,0.0,,0.0,,0.0,,0.0,,0.0,,0.0,,0.0,,0.0,,0.0,,0.0,,0.0,,0.0,,0.0,,0.0,,0.0,,0.0
doi_alpha03_beta07,16,Fuzheado,,0.0,,0.0,,0.0,,0.0,,0.0,,0.0,,0.0,,0.0,,0.0,,0.0,,0.0,,0.0,,0.0,,0.0,,0.0,,0.0,,0.0
doi_alpha0_beta1,16,Fuzheado,,0.0,1.0,0.0625,1.0,0.125,1.0,0.1875,1.0,0.25,1.0,0.3125,1.0,0.375,1.0,0.4375,1.0,0.4375,1.0,0.4375,1.0,0.4375,1.0,0.4375,1.0,0.4375,1.0,0.4375,1.0,0.4375,1.0,0.4375,1.0,0.4375
doi_alpha1_beta0,85,,,0.0,1.0,0.058823529411764705,1.0,0.11764705882352941,1.0,0.11764705882352941,1.0,0.11764705882352941,1.0,0.11764705882352941,1.0,0.11764705882352941,1.0,0.11764705882352941,1.0,0.11764705882352941,1.0,0.11764705882352941,1.0,0.11764705882352941,1.0,0.11764705882352941,1.0,0.11764705882352941,1.0,0.11764705882352941,1.0,0.11764705882352941,1.0,0.11764705882352941,1.0,0.11764705882352941,1.0,0.11764705882352941
doi_alpha1_beta0,86,Chrisn4255,,0.0,1.0,0.058823529411764705,1.0,0.11764705882352941,1.0,0.17647058823529413,1.0,0.23529411764705882,1.0,0.23529411764705882,1.0,0.23529411764705882,1.0,0.23529411764705882,1.0,0.23529411764705882,1.0,0.23529411764705882,1.0,0.23529411764705882,1.0,0.23529411764705882,1.0,0.23529411764705882,1.0,0.23529411764705882,1.0,0.23529411764705882,1.0,0.23529411764705882,1.0,0.23529411764705882,1.0,0.23529411764705882
doi_alpha03_beta07,17,Chrisn4255,,0.0,1.0,0.058823529411764705,1.0,0.11764705882352941,1.0,0.17647058823529413,1.0,0.23529411764705882,1.0,0.23529411764705882,1.0,0.23529411764705882,1.0,0.23529411764705882,1.0,0.23529411764705882,1.0,0.23529411764705882,1.0,0.23529411764705882,1.0,0.23529411764705882,1.0,0.23529411764705882,1.0,0.23529411764705882,1.0,0.23529411764705882,1.0,0.23529411764705882,1.0,0.23529411764705882,1.0,0.23529411764705882
doi_alpha0_beta1,17,Chrisn4255,,0.0,1.0,0.058823529411764705,1.0,0.11764705882352941,1.0,0.17647058823529413,1.0,0.23529411764705882,1.0,0.29411764705882354,1.0,0.35294117647058826,1.0,0.4117647058823529,1.0,0.47058823529411764,1.0,0.5294117647058824,1.0,0.5882352941176471,1.0,0.5882352941176471,1.0,0.5882352941176471,1.0,0.5882352941176471,1.0,0.5882352941176471,1.0,0.5882352941176471,1.0,0.5882352941176471,1.0,0.5882352941176471
doi_alpha1_beta0,87,,,0.0,1.0,0.058823529411764705,1.0,0.058823529411764705,1.0,0.058823529411764705,1.0,0.058823529411764705,1.0,0.058823529411764705,1.0,0.058823529411764705,1.0,0.058823529411764705,1.0,0.058823529411764705,1.0,0.058823529411764705,1.0,0.058823529411764705,1.0,0.058823529411764705,1.0,0.058823529411764705,1.0,0.058823529411764705,1.0,0.058823529411764705,1.0,0.058823529411764705,1.0,0.058823529411764705,1.0,0.058823529411764705
doi_alpha1_beta0,88,,,0.0,1.0,0.058823529411764705,1.0,0.058823529411764705,1.0,0.058823529411764705,1.0,0.058823529411764705,1.0,0.058823529411764705,1.0,0.058823529411764705,1.0,0.058823529411764705,1.0,0.058823529411764705,1.0,0.058823529411764705,1.0,0.058823529411764705,1.0,0.058823529411764705,1.0,0.058823529411764705,1.0,0.058823529411764705,1.0,0.058823529411764705,1.0,0.058823529411764705,1.0,0.058823529411764705,1.0,0.058823529411764705
doi_alpha1_beta0,89,Jsc07302,,0.0,1.0,0.058823529411764705,1.0,0.11764705882352941,1.0,0.17647058823529413,1.0,0.23529411764705882,1.0,0.23529411764705882,1.0,0.23529411764705882,1.0,0.23529411764705882,1.0,0.23529411764705882,1.0,0.23529411764705882,1.0,0.23529411764705882,1.0,0.23529411764705882,1.0,0.23529411764705882,1.0,0.23529411764705882,1.0,0.23529411764705882,1.0,0.23529411764705882,1.0,0.23529411764705882,1.0,0.23529411764705882
doi_alpha03_beta07,17,Jsc07302,,0.0,1.0,0.058823529411764705,1.0,0.11764705882352941,1.0,0.17647058823529413,1.0,0.23529411764705882,1.0,0.23529411764705882,1.0,0.23529411764705882,1.0,0.23529411764705882,1.0,0.23529411764705882,1.0,0.23529411764705882,1.0,0.23529411764705882,1.0,0.23529411764705882,1.0,0.23529411764705882,1.0,0.23529411764705882,1.0,0.23529411764705882,1.0,0.23529411764705882,1.0,0.23529411764705882,1.0,0.23529411764705882
doi_alpha0_beta1,17,Jsc07302,,0.0,1.0,0.058823529411764705,1.0,0.11764705882352941,1.0,0.17647058823529413,1.0,0.23529411764705882,1.0,0.29411764705882354,1.0,0.35294117647058826,1.0,0.4117647058823529,1.0,0.47058823529411764,1.0,0.5294117647058824,1.0,0.5882352941176471,1.0,0.5882352941176471,1.0,0.5882352941176471,1.0,0.5882352941176471,1.0,0.5882352941176471,1.0,0.5882352941176471,1.0,0.5882352941176471,1.0,0.5882352941176471
doi_alpha1_beta0,90,Jsc07302,,0.0,1.0,0.058823529411764705,1.0,0.11764705882352941,1.0,0.17647058823529413,1.0,0.23529411764705882,1.0,0.23529411764705882,1.0,0.23529411764705882,1.0,0.23529411764705882,1.0,0.23529411764705882,1.0,0.23529411764705882,1.0,0.23529411764705882,1.0,0.23529411764705882,1.0,0.23529411764705882,1.0,0.23529411764705882,1.0,0.23529411764705882,1.0,0.23529411764705882,1.0,0.23529411764705882,1.0,0.23529411764705882
doi_alpha03_beta07,17,Jsc07302,,0.0,1.0,0.058823529411764705,1.0,0.11764705882352941,1.0,0.17647058823529413,1.0,0.23529411764705882,1.0,0.23529411764705882,1.0,0.23529411764705882,1.0,0.23529411764705882,1.0,0.23529411764705882,1.0,0.23529411764705882,1.0,0.23529411764705882,1.0,0.23529411764705882,1.0,0.23529411764705882,1.0,0.23529411764705882,1.0,0.23529411764705882,1.0,0.23529411764705882,1.0,0.23529411764705882,1.0,0.23529411764705882
doi_alpha0_beta1,17,Jsc07302,,0.0,1.0,0.058823529411764705,1.0,0.11764705882352941,1.0,0.17647058823529413,1.0,0.23529411764705882,1.0,0.29411764705882354,1.0,0.35294117647058826,1.0,0.4117647058823529,1.0,0.47058823529411764,1.0,0.5294117647058824,1.0,0.5882352941176471,1.0,0.5882352941176471,1.0,0.5882352941176471,1.0,0.5882352941176471,1.0,0.5882352941176471,1.0,0.5882352941176471,1.0,0.5882352941176471,1.0,0.5882352941176471
doi_alpha1_beta0,91,Jsc07302,,0.0,1.0,0.05555555555555555,1.0,0.1111111111111111,1.0,0.16666666666666666,1.0,0.2222222222222222,1.0,0.2222222222222222,1.0,0.2222222222222222,1.0,0.2222222222222222,1.0,0.2222222222222222,1.0,0.2222222222222222,1.0,0.2222222222222222,1.0,0.2222222222222222,1.0,0.2222222222222222,1.0,0.2222222222222222,1.0,0.2222222222222222,1.0,0.2222222222222222,1.0,0.2222222222222222,1.0,0.2222222222222222,1.0,0.2222222222222222
doi_alpha03_beta07,18,Jsc07302,,0.0,1.0,0.05555555555555555,1.0,0.1111111111111111,1.0,0.16666666666666666,1.0,0.2222222222222222,1.0,0.2222222222222222,1.0,0.2222222222222222,1.0,0.2222222222222222,1.0,0.2222222222222222,1.0,0.2222222222222222,1.0,0.2222222222222222,1.0,0.2222222222222222,1.0,0.2222222222222222,1.0,0.2222222222222222,1.0,0.2222222222222222,1.0,0.2222222222222222,1.0,0.2222222222222222,1.0,0.2222222222222222,1.0,0.2222222222222222
doi_alpha0_beta1,18,Jsc07302,,0.0,1.0,0.05555555555555555,1.0,0.1111111111111111,1.0,0.16666666666666666,1.0,0.2222222222222222,1.0,0.2777777777777778,1.0,0.3333333333333333,1.0,0.3888888888888889,1.0,0.4444444444444444,1.0,0.5,1.0,0.5555555555555556,1.0,0.5555555555555556,1.0,0.5555555555555556,1.0,0.5555555555555556,1.0,0.5555555555555556,1.0,0.5555555555555556,1.0,0.5555555555555556,1.0,0.5555555555555556,1.0,0.5555555555555556
doi_alpha1_beta0,92,Cantus,,0.0,1.0,0.058823529411764705,1.0,0.058823529411764705,1.0,0.058823529411764705,1.0,0.058823529411764705,1.0,0.058823529411764705,1.0,0.058823529411764705,1.0,0.058823529411764705,1.0,0.058823529411764705,1.0,0.058823529411764705,1.0,0.058823529411764705,1.0,0.058823529411764705,1.0,0.058823529411764705,1.0,0.058823529411764705,1.0,0.058823529411764705,1.0,0.058823529411764705,1.0,0.058823529411764705,1.0,0.058823529411764705
doi_alpha1_beta0,93,,,0.0,1.0,0.05555555555555555,1.0,0.05555555555555555,1.0,0.05555555555555555,1.0,0.05555555555555555,1.0,0.05555555555555555,1.0,0.05555555555555555,1.0,0.05555555555555555,1.0,0.05555555555555555,1.0,0.05555555555555555,1.0,0.05555555555555555,1.0,0.05555555555555555,1.0,0.05555555555555555,1.0,0.05555555555555555,1.0,0.05555555555555555,1.0,0.05555555555555555,1.0,0.05555555555555555,1.0,0.05555555555555555,1.0,0.05555555555555555
doi_alpha1_beta0,94,Thomas Veil,,0.0,1.0,0.05555555555555555,1.0,0.1111111111111111,1.0,0.16666666666666666,1.0,0.2222222222222222,1.0,0.2222222222222222,1.0,0.2222222222222222,1.0,0.2222222222222222,1.0,0.2222222222222222,1.0,0.2222222222222222,1.0,0.2222222222222222,1.0,0.2222222222222222,1.0,0.2222222222222222,1.0,0.2222222222222222,1.0,0.2222222222222222,1.0,0.2222222222222222,1.0,0.2222222222222222,1.0,0.2222222222222222,1.0,0.2222222222222222
doi_alpha1_beta0,95,,,0.0,1.0,0.05263157894736842,1.0,0.10526315789473684,1.0,0.15789473684210525,1.0,0.21052631578947367,1.0,0.21052631578947367,1.0,0.21052631578947367,1.0,0.21052631578947367,1.0,0.21052631578947367,1.0,0.21052631578947367,1.0,0.21052631578947367,1.0,0.21052631578947367,1.0,0.21052631578947367,1.0,0.21052631578947367,1.0,0.21052631578947367,1.0,0.21052631578947367,1.0,0.21052631578947367,1.0,0.21052631578947367,1.0,0.21052631578947367,1.0,0.21052631578947367
doi_alpha1_beta0,96,,,0.0,1.0,0.05,1.0,0.1,1.0,0.15,1.0,0.2,1.0,0.25,1.0,0.25,1.0,0.25,1.0,0.25,1.0,0.25,1.0,0.25,1.0,0.25,1.0,0.25,1.0,0.25,1.0,0.25,1.0,0.25,1.0,0.25,1.0,0.25,1.0,0.25,1.0,0.25,1.0,0.25
doi_alpha1_beta0,97,Jsc07302,,0.0,1.0,0.05,1.0,0.1,1.0,0.15,1.0,0.2,1.0,0.25,1.0,0.25,1.0,0.25,1.0,0.25,1.0,0.25,1.0,0.25,1.0,0.25,1.0,0.25,1.0,0.25,1.0,0.25,1.0,0.25,1.0,0.25,1.0,0.25,1.0,0.25,1.0,0.25,1.0,0.25
doi_alpha03_beta07,20,Jsc07302,,0.0,1.0,0.05,1.0,0.1,1.0,0.15,1.0,0.2,1.0,0.25,1.0,0.25,1.0,0.25,1.0,0.25,1.0,0.25,1.0,0.25,1.0,0.25,1.0,0.25,1.0,0.25,1.0,0.25,1.0,0.25,1.0,0.25,1.0,0.25,1.0,0.25,1.0,0.25,1.0,0.25
doi_alpha0_beta1,20,Jsc07302,,0.0,1.0,0.05,1.0,0.1,1.0,0.15,1.0,0.2,1.0,0.25,1.0,0.3,1.0,0.35,1.0,0.4,1.0,0.45,1.0,0.45,1.0,0.45,1.0,0.45,1.0,0.45,1.0,0.45,1.0,0.45,1.0,0.45,1.0,0.45,1.0,0.45,1.0,0.45,1.0,0.45
doi_alpha1_beta0,98,Jsc07302,,0.0,1.0,0.05,1.0,0.1,1.0,0.15,1.0,0.2,1.0,0.25,1.0,0.25,1.0,0.25,1.0,0.25,1.0,0.25,1.0,0.25,1.0,0.25,1.0,0.25,1.0,0.25,1.0,0.25,1.0,0.25,1.0,0.25,1.0,0.25,1.0,0.25,1.0,0.25,1.0,0.25
doi_alpha03_beta07,20,Jsc07302,,0.0,1.0,0.05,1.0,0.1,1.0,0.15,1.0,0.2,1.0,0.25,1.0,0.25,1.0,0.25,1.0,0.25,1.0,0.25,1.0,0.25,1.0,0.25,1.0,0.25,1.0,0.25,1.0,0.25,1.0,0.25,1.0,0.25,1.0,0.25,1.0,0.25,1.0,0.25,1.0,0.25
doi_alpha0_beta1,20,Jsc07302,,0.0,1.0,0.05,1.0,0.1,1.0,0.15,1.0,0.2,1.0,0.25,1.0,0.3,1.0,0.35,1.0,0.4,1.0,0.45,1.0,0.45,1.0,0.45,1.0,0.45,1.0,0.45,1.0,0.45,1.0,0.45,1.0,0.45,1.0,0.45,1.0,0.45,1.0,0.45,1.0,0.45
doi_alpha1_beta0,99,Jsc07302,,0.0,1.0,0.047619047619047616,1.0,0.09523809523809523,1.0,0.14285714285714285,1.0,0.19047619047619047,1.0,0.23809523809523808,1.0,0.23809523809523808,1.0,0.23809523809523808,1.0,0.23809523809523808,1.0,0.23809523809523808,1.0,0.23809523809523808,1.0,0.23809523809523808,1.0,0.23809523809523808,1.0,0.23809523809523808,1.0,0.23809523809523808,1.0,0.23809523809523808,1.0,0.23809523809523808,1.0,0.23809523809523808,1.0,0.23809523809523808,1.0,0.23809523809523808,1.0,0.23809523809523808,1.0,0.23809523809523808
doi_alpha03_beta07,21,Jsc07302,,0.0,1.0,0.047619047619047616,1.0,0.09523809523809523,1.0,0.14285714285714285,1.0,0.19047619047619047,1.0,0.23809523809523808,1.0,0.23809523809523808,1.0,0.23809523809523808,1.0,0.23809523809523808,1.0,0.23809523809523808,1.0,0.23809523809523808,1.0,0.23809523809523808,1.0,0.23809523809523808,1.0,0.23809523809523808,1.0,0.23809523809523808,1.0,0.23809523809523808,1.0,0.23809523809523808,1.0,0.23809523809523808,1.0,0.23809523809523808,1.0,0.23809523809523808,1.0,0.23809523809523808,1.0,0.23809523809523808
doi_alpha0_beta1,21,Jsc07302,,0.0,1.0,0.047619047619047616,1.0,0.09523809523809523,1.0,0.14285714285714285,1.0,0.19047619047619047,1.0,0.23809523809523808,1.0,0.2857142857142857,1.0,0.3333333333333333,1.0,0.38095238095238093,1.0,0.42857142857142855,1.0,0.42857142857142855,1.0,0.42857142857142855,1.0,0.42857142857142855,1.0,0.42857142857142855,1.0,0.42857142857142855,1.0,0.42857142857142855,1.0,0.42857142857142855,1.0,0.42857142857142855,1.0,0.42857142857142855,1.0,0.42857142857142855,1.0,0.42857142857142855,1.0,0.42857142857142855
doi_alpha1_beta0,100,Doops,,0.0,1.0,0.05,1.0,0.1,1.0,0.15,1.0,0.2,1.0,0.25,1.0,0.25,1.0,0.25,1.0,0.25,1.0,0.25,1.0,0.25,1.0,0.25,1.0,0.25,1.0,0.25,1.0,0.25,1.0,0.25,1.0,0.25,1.0,0.25,1.0,0.25,1.0,0.25,1.0,0.25
doi_alpha1_beta0,101,,,0.0,1.0,0.047619047619047616,1.0,0.09523809523809523,1.0,0.14285714285714285,1.0,0.19047619047619047,1.0,0.23809523809523808,1.0,0.23809523809523808,1.0,0.23809523809523808,1.0,0.23809523809523808,1.0,0.23809523809523808,1.0,0.23809523809523808,1.0,0.23809523809523808,1.0,0.23809523809523808,1.0,0.23809523809523808,1.0,0.23809523809523808,1.0,0.23809523809523808,1.0,0.23809523809523808,1.0,0.23809523809523808,1.0,0.23809523809523808,1.0,0.23809523809523808,1.0,0.23809523809523808,1.0,0.23809523809523808
doi_alpha1_beta0,102,,,0.0,1.0,0.047619047619047616,1.0,0.09523809523809523,1.0,0.14285714285714285,1.0,0.19047619047619047,1.0,0.23809523809523808,1.0,0.2857142857142857,1.0,0.2857142857142857,1.0,0.2857142857142857,1.0,0.2857142857142857,1.0,0.2857142857142857,1.0,0.2857142857142857,1.0,0.2857142857142857,1.0,0.2857142857142857,1.0,0.2857142857142857,1.0,0.2857142857142857,1.0,0.2857142857142857,1.0,0.2857142857142857,1.0,0.2857142857142857,1.0,0.2857142857142857,1.0,0.2857142857142857,1.0,0.2857142857142857
doi_alpha1_beta0,103,,,0.0,1.0,0.047619047619047616,1.0,0.09523809523809523,1.0,0.14285714285714285,1.0,0.19047619047619047,1.0,0.23809523809523808,1.0,0.2857142857142857,1.0,0.2857142857142857,1.0,0.2857142857142857,1.0,0.2857142857142857,1.0,0.2857142857142857,1.0,0.2857142857142857,1.0,0.2857142857142857,1.0,0.2857142857142857,1.0,0.2857142857142857,1.0,0.2857142857142857,1.0,0.2857142857142857,1.0,0.2857142857142857,1.0,0.2857142857142857,1.0,0.2857142857142857,1.0,0.2857142857142857,1.0,0.2857142857142857
doi_alpha1_beta0,104,,,0.0,1.0,0.047619047619047616,1.0,0.09523809523809523,1.0,0.14285714285714285,1.0,0.14285714285714285,1.0,0.14285714285714285,1.0,0.14285714285714285,1.0,0.14285714285714285,1.0,0.14285714285714285,1.0,0.14285714285714285,1.0,0.14285714285714285,1.0,0.14285714285714285,1.0,0.14285714285714285,1.0,0.14285714285714285,1.0,0.14285714285714285,1.0,0.14285714285714285,1.0,0.14285714285714285,1.0,0.14285714285714285,1.0,0.14285714285714285,1.0,0.14285714285714285,1.0,0.14285714285714285,1.0,0.14285714285714285
doi_alpha1_beta0,105,,,0.0,1.0,0.045454545454545456,1.0,0.09090909090909091,1.0,0.13636363636363635,1.0,0.13636363636363635,1.0,0.13636363636363635,1.0,0.13636363636363635,1.0,0.13636363636363635,1.0,0.13636363636363635,1.0,0.13636363636363635,1.0,0.13636363636363635,1.0,0.13636363636363635,1.0,0.13636363636363635,1.0,0.13636363636363635,1.0,0.13636363636363635,1.0,0.13636363636363635,1.0,0.13636363636363635,1.0,0.13636363636363635,1.0,0.13636363636363635,1.0,0.13636363636363635,1.0,0.13636363636363635,1.0,0.13636363636363635,1.0,0.13636363636363635
doi_alpha1_beta0,106,Quinwound,,0.0,1.0,0.045454545454545456,1.0,0.09090909090909091,1.0,0.13636363636363635,1.0,0.18181818181818182,1.0,0.18181818181818182,1.0,0.18181818181818182,1.0,0.18181818181818182,1.0,0.18181818181818182,1.0,0.18181818181818182,1.0,0.18181818181818182,1.0,0.18181818181818182,1.0,0.18181818181818182,1.0,0.18181818181818182,1.0,0.18181818181818182,1.0,0.18181818181818182,1.0,0.18181818181818182,1.0,0.18181818181818182,1.0,0.18181818181818182,1.0,0.18181818181818182,1.0,0.18181818181818182,1.0,0.18181818181818182,1.0,0.18181818181818182
doi_alpha1_beta0,107,Ruy Lopez,,0.0,1.0,0.045454545454545456,1.0,0.09090909090909091,1.0,0.13636363636363635,1.0,0.13636363636363635,1.0,0.13636363636363635,1.0,0.13636363636363635,1.0,0.13636363636363635,1.0,0.13636363636363635,1.0,0.13636363636363635,1.0,0.13636363636363635,1.0,0.13636363636363635,1.0,0.13636363636363635,1.0,0.13636363636363635,1.0,0.13636363636363635,1.0,0.13636363636363635,1.0,0.13636363636363635,1.0,0.13636363636363635,1.0,0.13636363636363635,1.0,0.13636363636363635,1.0,0.13636363636363635,1.0,0.13636363636363635,1.0,0.13636363636363635
doi_alpha1_beta0,108,,,0.0,1.0,0.045454545454545456,1.0,0.09090909090909091,1.0,0.13636363636363635,1.0,0.13636363636363635,1.0,0.13636363636363635,1.0,0.13636363636363635,1.0,0.13636363636363635,1.0,0.13636363636363635,1.0,0.13636363636363635,1.0,0.13636363636363635,1.0,0.13636363636363635,1.0,0.13636363636363635,1.0,0.13636363636363635,1.0,0.13636363636363635,1.0,0.13636363636363635,1.0,0.13636363636363635,1.0,0.13636363636363635,1.0,0.13636363636363635,1.0,0.13636363636363635,1.0,0.13636363636363635,1.0,0.13636363636363635,1.0,0.13636363636363635
doi_alpha1_beta0,109,,,0.0,1.0,0.043478260869565216,1.0,0.08695652173913043,1.0,0.08695652173913043,1.0,0.08695652173913043,1.0,0.08695652173913043,1.0,0.08695652173913043,1.0,0.08695652173913043,1.0,0.08695652173913043,1.0,0.08695652173913043,1.0,0.08695652173913043,1.0,0.08695652173913043,1.0,0.08695652173913043,1.0,0.08695652173913043,1.0,0.08695652173913043,1.0,0.08695652173913043,1.0,0.08695652173913043,1.0,0.08695652173913043,1.0,0.08695652173913043,1.0,0.08695652173913043,1.0,0.08695652173913043,1.0,0.08695652173913043,1.0,0.08695652173913043,1.0,0.08695652173913043
doi_alpha1_beta0,110,,,0.0,1.0,0.043478260869565216,1.0,0.08695652173913043,1.0,0.13043478260869565,1.0,0.13043478260869565,1.0,0.13043478260869565,1.0,0.13043478260869565,1.0,0.13043478260869565,1.0,0.13043478260869565,1.0,0.13043478260869565,1.0,0.13043478260869565,1.0,0.13043478260869565,1.0,0.13043478260869565,1.0,0.13043478260869565,1.0,0.13043478260869565,1.0,0.13043478260869565,1.0,0.13043478260869565,1.0,0.13043478260869565,1.0,0.13043478260869565,1.0,0.13043478260869565,1.0,0.13043478260869565,1.0,0.13043478260869565,1.0,0.13043478260869565,1.0,0.13043478260869565
doi_alpha1_beta0,111,CyborgTosser,,0.0,1.0,0.043478260869565216,1.0,0.08695652173913043,1.0,0.13043478260869565,1.0,0.13043478260869565,1.0,0.13043478260869565,1.0,0.13043478260869565,1.0,0.13043478260869565,1.0,0.13043478260869565,1.0,0.13043478260869565,1.0,0.13043478260869565,1.0,0.13043478260869565,1.0,0.13043478260869565,1.0,0.13043478260869565,1.0,0.13043478260869565,1.0,0.13043478260869565,1.0,0.13043478260869565,1.0,0.13043478260869565,1.0,0.13043478260869565,1.0,0.13043478260869565,1.0,0.13043478260869565,1.0,0.13043478260869565,1.0,0.13043478260869565,1.0,0.13043478260869565
doi_alpha1_beta0,112,,,0.0,1.0,0.043478260869565216,1.0,0.08695652173913043,1.0,0.13043478260869565,1.0,0.13043478260869565,1.0,0.13043478260869565,1.0,0.13043478260869565,1.0,0.13043478260869565,1.0,0.13043478260869565,1.0,0.13043478260869565,1.0,0.13043478260869565,1.0,0.13043478260869565,1.0,0.13043478260869565,1.0,0.13043478260869565,1.0,0.13043478260869565,1.0,0.13043478260869565,1.0,0.13043478260869565,1.0,0.13043478260869565,1.0,0.13043478260869565,1.0,0.13043478260869565,1.0,0.13043478260869565,1.0,0.13043478260869565,1.0,0.13043478260869565,1.0,0.13043478260869565
doi_alpha1_beta0,113,,,0.0,1.0,0.043478260869565216,1.0,0.08695652173913043,1.0,0.08695652173913043,1.0,0.08695652173913043,1.0,0.08695652173913043,1.0,0.08695652173913043,1.0,0.08695652173913043,1.0,0.08695652173913043,1.0,0.08695652173913043,1.0,0.08695652173913043,1.0,0.08695652173913043,1.0,0.08695652173913043,1.0,0.08695652173913043,1.0,0.08695652173913043,1.0,0.08695652173913043,1.0,0.08695652173913043,1.0,0.08695652173913043,1.0,0.08695652173913043,1.0,0.08695652173913043,1.0,0.08695652173913043,1.0,0.08695652173913043,1.0,0.08695652173913043,1.0,0.08695652173913043
doi_alpha1_beta0,114,Topbanana,,0.0,1.0,0.043478260869565216,1.0,0.08695652173913043,1.0,0.08695652173913043,1.0,0.08695652173913043,1.0,0.08695652173913043,1.0,0.08695652173913043,1.0,0.08695652173913043,1.0,0.08695652173913043,1.0,0.08695652173913043,1.0,0.08695652173913043,1.0,0.08695652173913043,1.0,0.08695652173913043,1.0,0.08695652173913043,1.0,0.08695652173913043,1.0,0.08695652173913043,1.0,0.08695652173913043,1.0,0.08695652173913043,1.0,0.08695652173913043,1.0,0.08695652173913043,1.0,0.08695652173913043,1.0,0.08695652173913043,1.0,0.08695652173913043,1.0,0.08695652173913043
doi_alpha1_beta0,115,Olivier,,0.0,1.0,0.043478260869565216,1.0,0.08695652173913043,1.0,0.13043478260869565,1.0,0.17391304347826086,1.0,0.21739130434782608,1.0,0.2608695652173913,1.0,0.30434782608695654,1.0,0.34782608695652173,1.0,0.391304347826087,1.0,0.43478260869565216,1.0,0.4782608695652174,1.0,0.5217391304347826,1.0,0.5652173913043478,1.0,0.6086956521739131,1.0,0.6521739130434783,1.0,0.6956521739130435,1.0,0.7391304347826086,1.0,0.782608695652174,1.0,0.8260869565217391,1.0,0.8695652173913043,1.0,0.8695652173913043,1.0,0.8695652173913043,1.0,0.8695652173913043
doi_alpha03_beta07,23,Olivier,,0.0,1.0,0.043478260869565216,1.0,0.08695652173913043,1.0,0.13043478260869565,1.0,0.17391304347826086,1.0,0.21739130434782608,1.0,0.2608695652173913,1.0,0.30434782608695654,1.0,0.34782608695652173,1.0,0.391304347826087,1.0,0.43478260869565216,1.0,0.4782608695652174,1.0,0.5217391304347826,1.0,0.5652173913043478,1.0,0.6086956521739131,1.0,0.6521739130434783,1.0,0.6956521739130435,1.0,0.7391304347826086,1.0,0.782608695652174,1.0,0.8260869565217391,1.0,0.8695652173913043,1.0,0.8695652173913043,1.0,0.8695652173913043,1.0,0.8695652173913043
doi_alpha0_beta1,23,Olivier,,0.0,1.0,0.043478260869565216,1.0,0.08695652173913043,1.0,0.13043478260869565,1.0,0.17391304347826086,1.0,0.21739130434782608,1.0,0.2608695652173913,1.0,0.30434782608695654,1.0,0.34782608695652173,1.0,0.391304347826087,1.0,0.43478260869565216,1.0,0.4782608695652174,1.0,0.5217391304347826,1.0,0.5652173913043478,1.0,0.6086956521739131,1.0,0.6521739130434783,1.0,0.6956521739130435,1.0,0.7391304347826086,1.0,0.782608695652174,1.0,0.8260869565217391,1.0,0.8695652173913043,1.0,0.9130434782608695,1.0,0.9565217391304348,1.0,1.0
doi_alpha1_beta0,116,,,0.0,1.0,0.043478260869565216,1.0,0.08695652173913043,1.0,0.08695652173913043,1.0,0.08695652173913043,1.0,0.08695652173913043,1.0,0.08695652173913043,1.0,0.08695652173913043,1.0,0.08695652173913043,1.0,0.08695652173913043,1.0,0.08695652173913043,1.0,0.08695652173913043,1.0,0.08695652173913043,1.0,0.08695652173913043,1.0,0.08695652173913043,1.0,0.08695652173913043,1.0,0.08695652173913043,1.0,0.08695652173913043,1.0,0.08695652173913043,1.0,0.08695652173913043,1.0,0.08695652173913043,1.0,0.08695652173913043,1.0,0.08695652173913043,1.0,0.08695652173913043
doi_alpha1_beta0,117,Hemanshu,,0.0,1.0,0.043478260869565216,1.0,0.043478260869565216,1.0,0.043478260869565216,1.0,0.043478260869565216,1.0,0.043478260869565216,1.0,0.043478260869565216,1.0,0.043478260869565216,1.0,0.043478260869565216,1.0,0.043478260869565216,1.0,0.043478260869565216,1.0,0.043478260869565216,1.0,0.043478260869565216,1.0,0.043478260869565216,1.0,0.043478260869565216,1.0,0.043478260869565216,1.0,0.043478260869565216,1.0,0.043478260869565216,1.0,0.043478260869565216,1.0,0.043478260869565216,1.0,0.043478260869565216,1.0,0.043478260869565216,1.0,0.043478260869565216,1.0,0.043478260869565216
doi_alpha1_beta0,118,,,0.0,1.0,0.043478260869565216,1.0,0.043478260869565216,1.0,0.043478260869565216,1.0,0.043478260869565216,1.0,0.043478260869565216,1.0,0.043478260869565216,1.0,0.043478260869565216,1.0,0.043478260869565216,1.0,0.043478260869565216,1.0,0.043478260869565216,1.0,0.043478260869565216,1.0,0.043478260869565216,1.0,0.043478260869565216,1.0,0.043478260869565216,1.0,0.043478260869565216,1.0,0.043478260869565216,1.0,0.043478260869565216,1.0,0.043478260869565216,1.0,0.043478260869565216,1.0,0.043478260869565216,1.0,0.043478260869565216,1.0,0.043478260869565216,1.0,0.043478260869565216
doi_alpha1_beta0,119,Hemanshu,,0.0,,0.0,,0.0,,0.0,,0.0,,0.0,,0.0,,0.0,,0.0,,0.0,,0.0,,0.0,,0.0,,0.0,,0.0,,0.0,,0.0,,0.0,,0.0,,0.0,,0.0,,0.0,,0.0,,0.0
doi_alpha03_beta07,23,Hemanshu,,0.0,,0.0,,0.0,,0.0,,0.0,,0.0,,0.0,,0.0,,0.0,,0.0,,0.0,,0.0,,0.0,,0.0,,0.0,,0.0,,0.0,,0.0,,0.0,,0.0,,0.0,,0.0,,0.0,,0.0
doi_alpha0_beta1,23,Hemanshu,,0.0,1.0,0.043478260869565216,1.0,0.08695652173913043,1.0,0.13043478260869565,1.0,0.17391304347826086,1.0,0.21739130434782608,1.0,0.21739130434782608,1.0,0.21739130434782608,1.0,0.21739130434782608,1.0,0.21739130434782608,1.0,0.21739130434782608,1.0,0.21739130434782608,1.0,0.21739130434782608,1.0,0.21739130434782608,1.0,0.21739130434782608,1.0,0.21739130434782608,1.0,0.21739130434782608,1.0,0.21739130434782608,1.0,0.21739130434782608,1.0,0.21739130434782608,1.0,0.21739130434782608,1.0,0.21739130434782608,1.0,0.21739130434782608,1.0,0.21739130434782608
